Alle economische activiteiten,Sectie,Jaar,Maand,Verlies van fulltime banen,Verlies van parttime banen,Banenverlies van loontrekkende werkgevers,Totaal banenverlies
Alle economische activiteiten,"A Landbouw, bosbouw en visserij",2022,Maart 2022,40.0,12.0,8.0,60.0
Alle economische activiteiten,"A Landbouw, bosbouw en visserij",2022,April 2022,1.0,0.0,11.0,12.0
Alle economische activiteiten,"A Landbouw, bosbouw en visserij",2022,Mei 2022,0.0,0.0,7.0,7.0
Alle economische activiteiten,"A Landbouw, bosbouw en visserij",2022,Juni 2022,4.0,6.0,10.0,20.0
Alle economische activiteiten,"A Landbouw, bosbouw en visserij",2022,Juli 2022,0.0,0.0,5.0,5.0
Alle economische activiteiten,"A Landbouw, bosbouw en visserij",2022,Augustus 2022,0.0,0.0,1.0,1.0
Alle economische activiteiten,"A Landbouw, bosbouw en visserij",2022,September 2022,1.0,0.0,6.0,7.0
Alle economische activiteiten,"A Landbouw, bosbouw en visserij",2022,Oktober 2022,2.0,1.0,10.0,13.0
Alle economische activiteiten,"A Landbouw, bosbouw en visserij",2022,November 2022,3.0,0.0,5.0,8.0
Alle economische activiteiten,"A Landbouw, bosbouw en visserij",2022,December 2022,1.0,1.0,5.0,7.0
Alle economische activiteiten,"A Landbouw, bosbouw en visserij",2023,Januari 2023,0.0,1.0,5.0,6.0
Alle economische activiteiten,"A Landbouw, bosbouw en visserij",2023,Februari 2023,2.0,0.0,3.0,5.0
Alle economische activiteiten,"A Landbouw, bosbouw en visserij",2023,Maart 2023,1.0,0.0,6.0,7.0
Alle economische activiteiten,B Winning van delfstoffen,2022,Maart 2022,0.0,0.0,1.0,1.0
Alle economische activiteiten,B Winning van delfstoffen,2022,April 2022,,,,
Alle economische activiteiten,B Winning van delfstoffen,2022,Mei 2022,,,,
Alle economische activiteiten,B Winning van delfstoffen,2022,Juni 2022,,,,
Alle economische activiteiten,B Winning van delfstoffen,2022,Juli 2022,0.0,0.0,1.0,1.0
Alle economische activiteiten,B Winning van delfstoffen,2022,Augustus 2022,,,,
Alle economische activiteiten,B Winning van delfstoffen,2022,September 2022,,,,
Alle economische activiteiten,B Winning van delfstoffen,2022,Oktober 2022,,,,
Alle economische activiteiten,B Winning van delfstoffen,2022,November 2022,,,,
Alle economische activiteiten,B Winning van delfstoffen,2022,December 2022,,,,
Alle economische activiteiten,B Winning van delfstoffen,2023,Januari 2023,,,,
Alle economische activiteiten,B Winning van delfstoffen,2023,Februari 2023,,,,
Alle economische activiteiten,B Winning van delfstoffen,2023,Maart 2023,,,,
Alle economische activiteiten,C Industrie,2022,Maart 2022,177.0,53.0,47.0,277.0
Alle economische activiteiten,C Industrie,2022,April 2022,54.0,17.0,29.0,100.0
Alle economische activiteiten,C Industrie,2022,Mei 2022,72.0,8.0,29.0,109.0
Alle economische activiteiten,C Industrie,2022,Juni 2022,18.0,10.0,46.0,74.0
Alle economische activiteiten,C Industrie,2022,Juli 2022,30.0,9.0,34.0,73.0
Alle economische activiteiten,C Industrie,2022,Augustus 2022,39.0,5.0,19.0,63.0
Alle economische activiteiten,C Industrie,2022,September 2022,87.0,29.0,50.0,166.0
Alle economische activiteiten,C Industrie,2022,Oktober 2022,64.0,30.0,45.0,139.0
Alle economische activiteiten,C Industrie,2022,November 2022,119.0,15.0,27.0,161.0
Alle economische activiteiten,C Industrie,2022,December 2022,92.0,37.0,45.0,174.0
Alle economische activiteiten,C Industrie,2023,Januari 2023,53.0,58.0,40.0,151.0
Alle economische activiteiten,C Industrie,2023,Februari 2023,101.0,26.0,36.0,163.0
Alle economische activiteiten,C Industrie,2023,Maart 2023,93.0,36.0,47.0,176.0
Alle economische activiteiten,"D Productie en distributie van elektriciteit, gas, stoom en gekoelde lucht",2022,Maart 2022,,,,
Alle economische activiteiten,"D Productie en distributie van elektriciteit, gas, stoom en gekoelde lucht",2022,April 2022,13.0,0.0,2.0,15.0
Alle economische activiteiten,"D Productie en distributie van elektriciteit, gas, stoom en gekoelde lucht",2022,Mei 2022,0.0,0.0,1.0,1.0
Alle economische activiteiten,"D Productie en distributie van elektriciteit, gas, stoom en gekoelde lucht",2022,Juni 2022,0.0,0.0,2.0,2.0
Alle economische activiteiten,"D Productie en distributie van elektriciteit, gas, stoom en gekoelde lucht",2022,Juli 2022,,,,
Alle economische activiteiten,"D Productie en distributie van elektriciteit, gas, stoom en gekoelde lucht",2022,Augustus 2022,,,,
Alle economische activiteiten,"D Productie en distributie van elektriciteit, gas, stoom en gekoelde lucht",2022,September 2022,0.0,0.0,2.0,2.0
Alle economische activiteiten,"D Productie en distributie van elektriciteit, gas, stoom en gekoelde lucht",2022,Oktober 2022,,,,
Alle economische activiteiten,"D Productie en distributie van elektriciteit, gas, stoom en gekoelde lucht",2022,November 2022,,,,
Alle economische activiteiten,"D Productie en distributie van elektriciteit, gas, stoom en gekoelde lucht",2022,December 2022,0.0,0.0,1.0,1.0
Alle economische activiteiten,"D Productie en distributie van elektriciteit, gas, stoom en gekoelde lucht",2023,Januari 2023,0.0,0.0,1.0,1.0
Alle economische activiteiten,"D Productie en distributie van elektriciteit, gas, stoom en gekoelde lucht",2023,Februari 2023,,,,
Alle economische activiteiten,"D Productie en distributie van elektriciteit, gas, stoom en gekoelde lucht",2023,Maart 2023,0.0,0.0,1.0,1.0
Alle economische activiteiten,E Distributie van water/ afval- en afvalwaterbeheer en sanering,2022,Maart 2022,,,,
Alle economische activiteiten,E Distributie van water/ afval- en afvalwaterbeheer en sanering,2022,April 2022,,,,
Alle economische activiteiten,E Distributie van water/ afval- en afvalwaterbeheer en sanering,2022,Mei 2022,0.0,0.0,4.0,4.0
Alle economische activiteiten,E Distributie van water/ afval- en afvalwaterbeheer en sanering,2022,Juni 2022,1.0,0.0,5.0,6.0
Alle economische activiteiten,E Distributie van water/ afval- en afvalwaterbeheer en sanering,2022,Juli 2022,,,,
Alle economische activiteiten,E Distributie van water/ afval- en afvalwaterbeheer en sanering,2022,Augustus 2022,0.0,0.0,1.0,1.0
Alle economische activiteiten,E Distributie van water/ afval- en afvalwaterbeheer en sanering,2022,September 2022,1.0,0.0,1.0,2.0
Alle economische activiteiten,E Distributie van water/ afval- en afvalwaterbeheer en sanering,2022,Oktober 2022,0.0,0.0,1.0,1.0
Alle economische activiteiten,E Distributie van water/ afval- en afvalwaterbeheer en sanering,2022,November 2022,2.0,0.0,1.0,3.0
Alle economische activiteiten,E Distributie van water/ afval- en afvalwaterbeheer en sanering,2022,December 2022,,,,
Alle economische activiteiten,E Distributie van water/ afval- en afvalwaterbeheer en sanering,2023,Januari 2023,1.0,0.0,4.0,5.0
Alle economische activiteiten,E Distributie van water/ afval- en afvalwaterbeheer en sanering,2023,Februari 2023,17.0,0.0,5.0,22.0
Alle economische activiteiten,E Distributie van water/ afval- en afvalwaterbeheer en sanering,2023,Maart 2023,0.0,0.0,3.0,3.0
Alle economische activiteiten,F Bouwnijverheid,2022,Maart 2022,127.0,37.0,208.0,372.0
Alle economische activiteiten,F Bouwnijverheid,2022,April 2022,59.0,8.0,128.0,195.0
Alle economische activiteiten,F Bouwnijverheid,2022,Mei 2022,128.0,16.0,241.0,385.0
Alle economische activiteiten,F Bouwnijverheid,2022,Juni 2022,148.0,20.0,262.0,430.0
Alle economische activiteiten,F Bouwnijverheid,2022,Juli 2022,94.0,18.0,111.0,223.0
Alle economische activiteiten,F Bouwnijverheid,2022,Augustus 2022,84.0,13.0,95.0,192.0
Alle economische activiteiten,F Bouwnijverheid,2022,September 2022,300.0,36.0,261.0,597.0
Alle economische activiteiten,F Bouwnijverheid,2022,Oktober 2022,237.0,24.0,222.0,483.0
Alle economische activiteiten,F Bouwnijverheid,2022,November 2022,145.0,16.0,175.0,336.0
Alle economische activiteiten,F Bouwnijverheid,2022,December 2022,163.0,23.0,206.0,392.0
Alle economische activiteiten,F Bouwnijverheid,2023,Januari 2023,140.0,22.0,202.0,364.0
Alle economische activiteiten,F Bouwnijverheid,2023,Februari 2023,161.0,21.0,195.0,377.0
Alle economische activiteiten,F Bouwnijverheid,2023,Maart 2023,95.0,15.0,220.0,330.0
Alle economische activiteiten,G Groot- en detailhandel/ reparatie van auto’s en motorfietsen,2022,Maart 2022,145.0,71.0,227.0,443.0
Alle economische activiteiten,G Groot- en detailhandel/ reparatie van auto’s en motorfietsen,2022,April 2022,86.0,57.0,158.0,301.0
Alle economische activiteiten,G Groot- en detailhandel/ reparatie van auto’s en motorfietsen,2022,Mei 2022,100.0,51.0,229.0,380.0
Alle economische activiteiten,G Groot- en detailhandel/ reparatie van auto’s en motorfietsen,2022,Juni 2022,113.0,75.0,240.0,428.0
Alle economische activiteiten,G Groot- en detailhandel/ reparatie van auto’s en motorfietsen,2022,Juli 2022,106.0,34.0,136.0,276.0
Alle economische activiteiten,G Groot- en detailhandel/ reparatie van auto’s en motorfietsen,2022,Augustus 2022,20.0,15.0,70.0,105.0
Alle economische activiteiten,G Groot- en detailhandel/ reparatie van auto’s en motorfietsen,2022,September 2022,256.0,65.0,220.0,541.0
Alle economische activiteiten,G Groot- en detailhandel/ reparatie van auto’s en motorfietsen,2022,Oktober 2022,210.0,73.0,227.0,510.0
Alle economische activiteiten,G Groot- en detailhandel/ reparatie van auto’s en motorfietsen,2022,November 2022,79.0,86.0,181.0,346.0
Alle economische activiteiten,G Groot- en detailhandel/ reparatie van auto’s en motorfietsen,2022,December 2022,125.0,77.0,180.0,382.0
Alle economische activiteiten,G Groot- en detailhandel/ reparatie van auto’s en motorfietsen,2023,Januari 2023,1247.0,882.0,168.0,2297.0
Alle economische activiteiten,G Groot- en detailhandel/ reparatie van auto’s en motorfietsen,2023,Februari 2023,81.0,65.0,189.0,335.0
Alle economische activiteiten,G Groot- en detailhandel/ reparatie van auto’s en motorfietsen,2023,Maart 2023,97.0,87.0,217.0,401.0
Alle economische activiteiten,H Vervoer en opslag,2022,Maart 2022,185.0,16.0,63.0,264.0
Alle economische activiteiten,H Vervoer en opslag,2022,April 2022,32.0,3.0,49.0,84.0
Alle economische activiteiten,H Vervoer en opslag,2022,Mei 2022,38.0,7.0,58.0,103.0
Alle economische activiteiten,H Vervoer en opslag,2022,Juni 2022,64.0,29.0,93.0,186.0
Alle economische activiteiten,H Vervoer en opslag,2022,Juli 2022,43.0,34.0,32.0,109.0
Alle economische activiteiten,H Vervoer en opslag,2022,Augustus 2022,59.0,10.0,15.0,84.0
Alle economische activiteiten,H Vervoer en opslag,2022,September 2022,88.0,19.0,63.0,170.0
Alle economische activiteiten,H Vervoer en opslag,2022,Oktober 2022,107.0,54.0,58.0,219.0
Alle economische activiteiten,H Vervoer en opslag,2022,November 2022,36.0,11.0,54.0,101.0
Alle economische activiteiten,H Vervoer en opslag,2022,December 2022,36.0,22.0,39.0,97.0
Alle economische activiteiten,H Vervoer en opslag,2023,Januari 2023,71.0,10.0,43.0,124.0
Alle economische activiteiten,H Vervoer en opslag,2023,Februari 2023,164.0,60.0,49.0,273.0
Alle economische activiteiten,H Vervoer en opslag,2023,Maart 2023,110.0,44.0,76.0,230.0
Alle economische activiteiten,I Verschaffen van accommodatie en maaltijden,2022,Maart 2022,103.0,92.0,208.0,403.0
Alle economische activiteiten,I Verschaffen van accommodatie en maaltijden,2022,April 2022,142.0,79.0,125.0,346.0
Alle economische activiteiten,I Verschaffen van accommodatie en maaltijden,2022,Mei 2022,76.0,76.0,181.0,333.0
Alle economische activiteiten,I Verschaffen van accommodatie en maaltijden,2022,Juni 2022,83.0,89.0,208.0,380.0
Alle economische activiteiten,I Verschaffen van accommodatie en maaltijden,2022,Juli 2022,52.0,63.0,101.0,216.0
Alle economische activiteiten,I Verschaffen van accommodatie en maaltijden,2022,Augustus 2022,35.0,53.0,64.0,152.0
Alle economische activiteiten,I Verschaffen van accommodatie en maaltijden,2022,September 2022,102.0,90.0,178.0,370.0
Alle economische activiteiten,I Verschaffen van accommodatie en maaltijden,2022,Oktober 2022,83.0,116.0,188.0,387.0
Alle economische activiteiten,I Verschaffen van accommodatie en maaltijden,2022,November 2022,72.0,100.0,166.0,338.0
Alle economische activiteiten,I Verschaffen van accommodatie en maaltijden,2022,December 2022,68.0,87.0,150.0,305.0
Alle economische activiteiten,I Verschaffen van accommodatie en maaltijden,2023,Januari 2023,77.0,111.0,171.0,359.0
Alle economische activiteiten,I Verschaffen van accommodatie en maaltijden,2023,Februari 2023,103.0,133.0,194.0,430.0
Alle economische activiteiten,I Verschaffen van accommodatie en maaltijden,2023,Maart 2023,114.0,154.0,180.0,448.0
Alle economische activiteiten,J Informatie en communicatie,2022,Maart 2022,24.0,5.0,34.0,63.0
Alle economische activiteiten,J Informatie en communicatie,2022,April 2022,8.0,3.0,31.0,42.0
Alle economische activiteiten,J Informatie en communicatie,2022,Mei 2022,11.0,4.0,26.0,41.0
Alle economische activiteiten,J Informatie en communicatie,2022,Juni 2022,14.0,6.0,38.0,58.0
Alle economische activiteiten,J Informatie en communicatie,2022,Juli 2022,8.0,1.0,12.0,21.0
Alle economische activiteiten,J Informatie en communicatie,2022,Augustus 2022,1.0,0.0,18.0,19.0
Alle economische activiteiten,J Informatie en communicatie,2022,September 2022,64.0,6.0,33.0,103.0
Alle economische activiteiten,J Informatie en communicatie,2022,Oktober 2022,29.0,3.0,34.0,66.0
Alle economische activiteiten,J Informatie en communicatie,2022,November 2022,20.0,24.0,37.0,81.0
Alle economische activiteiten,J Informatie en communicatie,2022,December 2022,26.0,4.0,22.0,52.0
Alle economische activiteiten,J Informatie en communicatie,2023,Januari 2023,9.0,4.0,22.0,35.0
Alle economische activiteiten,J Informatie en communicatie,2023,Februari 2023,5.0,0.0,24.0,29.0
Alle economische activiteiten,J Informatie en communicatie,2023,Maart 2023,17.0,1.0,27.0,45.0
Alle economische activiteiten,K Financiële activiteiten en verzekeringen,2022,Maart 2022,1.0,0.0,8.0,9.0
Alle economische activiteiten,K Financiële activiteiten en verzekeringen,2022,April 2022,0.0,0.0,4.0,4.0
Alle economische activiteiten,K Financiële activiteiten en verzekeringen,2022,Mei 2022,0.0,2.0,8.0,10.0
Alle economische activiteiten,K Financiële activiteiten en verzekeringen,2022,Juni 2022,0.0,2.0,14.0,16.0
Alle economische activiteiten,K Financiële activiteiten en verzekeringen,2022,Juli 2022,4.0,0.0,4.0,8.0
Alle economische activiteiten,K Financiële activiteiten en verzekeringen,2022,Augustus 2022,1.0,0.0,4.0,5.0
Alle economische activiteiten,K Financiële activiteiten en verzekeringen,2022,September 2022,34.0,9.0,7.0,50.0
Alle economische activiteiten,K Financiële activiteiten en verzekeringen,2022,Oktober 2022,1.0,0.0,5.0,6.0
Alle economische activiteiten,K Financiële activiteiten en verzekeringen,2022,November 2022,2.0,2.0,2.0,6.0
Alle economische activiteiten,K Financiële activiteiten en verzekeringen,2022,December 2022,4.0,0.0,7.0,11.0
Alle economische activiteiten,K Financiële activiteiten en verzekeringen,2023,Januari 2023,1.0,3.0,5.0,9.0
Alle economische activiteiten,K Financiële activiteiten en verzekeringen,2023,Februari 2023,1.0,3.0,2.0,6.0
Alle economische activiteiten,K Financiële activiteiten en verzekeringen,2023,Maart 2023,0.0,1.0,7.0,8.0
Alle economische activiteiten,L Exploitatie van en handel in onroerend goed,2022,Maart 2022,17.0,28.0,31.0,76.0
Alle economische activiteiten,L Exploitatie van en handel in onroerend goed,2022,April 2022,1.0,2.0,10.0,13.0
Alle economische activiteiten,L Exploitatie van en handel in onroerend goed,2022,Mei 2022,3.0,0.0,14.0,17.0
Alle economische activiteiten,L Exploitatie van en handel in onroerend goed,2022,Juni 2022,37.0,8.0,18.0,63.0
Alle economische activiteiten,L Exploitatie van en handel in onroerend goed,2022,Juli 2022,6.0,3.0,13.0,22.0
Alle economische activiteiten,L Exploitatie van en handel in onroerend goed,2022,Augustus 2022,0.0,0.0,5.0,5.0
Alle economische activiteiten,L Exploitatie van en handel in onroerend goed,2022,September 2022,1.0,1.0,18.0,20.0
Alle economische activiteiten,L Exploitatie van en handel in onroerend goed,2022,Oktober 2022,3.0,0.0,21.0,24.0
Alle economische activiteiten,L Exploitatie van en handel in onroerend goed,2022,November 2022,6.0,0.0,12.0,18.0
Alle economische activiteiten,L Exploitatie van en handel in onroerend goed,2022,December 2022,1.0,3.0,21.0,25.0
Alle economische activiteiten,L Exploitatie van en handel in onroerend goed,2023,Januari 2023,3.0,1.0,18.0,22.0
Alle economische activiteiten,L Exploitatie van en handel in onroerend goed,2023,Februari 2023,7.0,1.0,19.0,27.0
Alle economische activiteiten,L Exploitatie van en handel in onroerend goed,2023,Maart 2023,2.0,0.0,13.0,15.0
Alle economische activiteiten,M Vrije beroepen en wetenschappelijke en technische activiteiten,2022,Maart 2022,20.0,3.0,77.0,100.0
Alle economische activiteiten,M Vrije beroepen en wetenschappelijke en technische activiteiten,2022,April 2022,130.0,8.0,54.0,192.0
Alle economische activiteiten,M Vrije beroepen en wetenschappelijke en technische activiteiten,2022,Mei 2022,31.0,8.0,90.0,129.0
Alle economische activiteiten,M Vrije beroepen en wetenschappelijke en technische activiteiten,2022,Juni 2022,27.0,8.0,83.0,118.0
Alle economische activiteiten,M Vrije beroepen en wetenschappelijke en technische activiteiten,2022,Juli 2022,41.0,11.0,60.0,112.0
Alle economische activiteiten,M Vrije beroepen en wetenschappelijke en technische activiteiten,2022,Augustus 2022,29.0,10.0,27.0,66.0
Alle economische activiteiten,M Vrije beroepen en wetenschappelijke en technische activiteiten,2022,September 2022,20.0,8.0,79.0,107.0
Alle economische activiteiten,M Vrije beroepen en wetenschappelijke en technische activiteiten,2022,Oktober 2022,21.0,11.0,79.0,111.0
Alle economische activiteiten,M Vrije beroepen en wetenschappelijke en technische activiteiten,2022,November 2022,21.0,3.0,61.0,85.0
Alle economische activiteiten,M Vrije beroepen en wetenschappelijke en technische activiteiten,2022,December 2022,75.0,77.0,68.0,220.0
Alle economische activiteiten,M Vrije beroepen en wetenschappelijke en technische activiteiten,2023,Januari 2023,171.0,49.0,78.0,298.0
Alle economische activiteiten,M Vrije beroepen en wetenschappelijke en technische activiteiten,2023,Februari 2023,20.0,7.0,69.0,96.0
Alle economische activiteiten,M Vrije beroepen en wetenschappelijke en technische activiteiten,2023,Maart 2023,25.0,19.0,86.0,130.0
Alle economische activiteiten,N Administratieve en ondersteunende diensten,2022,Maart 2022,38.0,8.0,50.0,96.0
Alle economische activiteiten,N Administratieve en ondersteunende diensten,2022,April 2022,30.0,32.0,41.0,103.0
Alle economische activiteiten,N Administratieve en ondersteunende diensten,2022,Mei 2022,28.0,100.0,57.0,185.0
Alle economische activiteiten,N Administratieve en ondersteunende diensten,2022,Juni 2022,83.0,103.0,87.0,273.0
Alle economische activiteiten,N Administratieve en ondersteunende diensten,2022,Juli 2022,6.0,13.0,30.0,49.0
Alle economische activiteiten,N Administratieve en ondersteunende diensten,2022,Augustus 2022,22.0,45.0,20.0,87.0
Alle economische activiteiten,N Administratieve en ondersteunende diensten,2022,September 2022,60.0,31.0,52.0,143.0
Alle economische activiteiten,N Administratieve en ondersteunende diensten,2022,Oktober 2022,44.0,42.0,58.0,144.0
Alle economische activiteiten,N Administratieve en ondersteunende diensten,2022,November 2022,32.0,12.0,38.0,82.0
Alle economische activiteiten,N Administratieve en ondersteunende diensten,2022,December 2022,52.0,39.0,66.0,157.0
Alle economische activiteiten,N Administratieve en ondersteunende diensten,2023,Januari 2023,73.0,16.0,53.0,142.0
Alle economische activiteiten,N Administratieve en ondersteunende diensten,2023,Februari 2023,59.0,60.0,60.0,179.0
Alle economische activiteiten,N Administratieve en ondersteunende diensten,2023,Maart 2023,57.0,73.0,54.0,184.0
Alle economische activiteiten,P Onderwijs,2022,Maart 2022,1.0,0.0,2.0,3.0
Alle economische activiteiten,P Onderwijs,2022,April 2022,20.0,7.0,8.0,35.0
Alle economische activiteiten,P Onderwijs,2022,Mei 2022,0.0,0.0,7.0,7.0
Alle economische activiteiten,P Onderwijs,2022,Juni 2022,2.0,2.0,11.0,15.0
Alle economische activiteiten,P Onderwijs,2022,Juli 2022,22.0,21.0,1.0,44.0
Alle economische activiteiten,P Onderwijs,2022,Augustus 2022,0.0,7.0,3.0,10.0
Alle economische activiteiten,P Onderwijs,2022,September 2022,4.0,3.0,4.0,11.0
Alle economische activiteiten,P Onderwijs,2022,Oktober 2022,1.0,0.0,5.0,6.0
Alle economische activiteiten,P Onderwijs,2022,November 2022,1.0,12.0,5.0,18.0
Alle economische activiteiten,P Onderwijs,2022,December 2022,2.0,6.0,1.0,9.0
Alle economische activiteiten,P Onderwijs,2023,Januari 2023,3.0,0.0,5.0,8.0
Alle economische activiteiten,P Onderwijs,2023,Februari 2023,0.0,1.0,7.0,8.0
Alle economische activiteiten,P Onderwijs,2023,Maart 2023,3.0,0.0,7.0,10.0
Alle economische activiteiten,Q Menselijke gezondheidszorg en maatschappelijke dienstverlening,2022,Maart 2022,21.0,1.0,17.0,39.0
Alle economische activiteiten,Q Menselijke gezondheidszorg en maatschappelijke dienstverlening,2022,April 2022,18.0,3.0,13.0,34.0
Alle economische activiteiten,Q Menselijke gezondheidszorg en maatschappelijke dienstverlening,2022,Mei 2022,3.0,10.0,22.0,35.0
Alle economische activiteiten,Q Menselijke gezondheidszorg en maatschappelijke dienstverlening,2022,Juni 2022,5.0,4.0,25.0,34.0
Alle economische activiteiten,Q Menselijke gezondheidszorg en maatschappelijke dienstverlening,2022,Juli 2022,10.0,5.0,15.0,30.0
Alle economische activiteiten,Q Menselijke gezondheidszorg en maatschappelijke dienstverlening,2022,Augustus 2022,0.0,0.0,7.0,7.0
Alle economische activiteiten,Q Menselijke gezondheidszorg en maatschappelijke dienstverlening,2022,September 2022,14.0,12.0,18.0,44.0
Alle economische activiteiten,Q Menselijke gezondheidszorg en maatschappelijke dienstverlening,2022,Oktober 2022,74.0,86.0,16.0,176.0
Alle economische activiteiten,Q Menselijke gezondheidszorg en maatschappelijke dienstverlening,2022,November 2022,113.0,25.0,25.0,163.0
Alle economische activiteiten,Q Menselijke gezondheidszorg en maatschappelijke dienstverlening,2022,December 2022,61.0,25.0,33.0,119.0
Alle economische activiteiten,Q Menselijke gezondheidszorg en maatschappelijke dienstverlening,2023,Januari 2023,11.0,3.0,15.0,29.0
Alle economische activiteiten,Q Menselijke gezondheidszorg en maatschappelijke dienstverlening,2023,Februari 2023,11.0,2.0,15.0,28.0
Alle economische activiteiten,Q Menselijke gezondheidszorg en maatschappelijke dienstverlening,2023,Maart 2023,21.0,11.0,21.0,53.0
Alle economische activiteiten,"R Kunst, amusement en recreatie",2022,Maart 2022,8.0,4.0,14.0,26.0
Alle economische activiteiten,"R Kunst, amusement en recreatie",2022,April 2022,9.0,1.0,18.0,28.0
Alle economische activiteiten,"R Kunst, amusement en recreatie",2022,Mei 2022,9.0,16.0,37.0,62.0
Alle economische activiteiten,"R Kunst, amusement en recreatie",2022,Juni 2022,58.0,13.0,39.0,110.0
Alle economische activiteiten,"R Kunst, amusement en recreatie",2022,Juli 2022,2.0,7.0,12.0,21.0
Alle economische activiteiten,"R Kunst, amusement en recreatie",2022,Augustus 2022,7.0,0.0,7.0,14.0
Alle economische activiteiten,"R Kunst, amusement en recreatie",2022,September 2022,5.0,3.0,25.0,33.0
Alle economische activiteiten,"R Kunst, amusement en recreatie",2022,Oktober 2022,13.0,4.0,30.0,47.0
Alle economische activiteiten,"R Kunst, amusement en recreatie",2022,November 2022,31.0,4.0,35.0,70.0
Alle economische activiteiten,"R Kunst, amusement en recreatie",2022,December 2022,0.0,3.0,17.0,20.0
Alle economische activiteiten,"R Kunst, amusement en recreatie",2023,Januari 2023,6.0,7.0,19.0,32.0
Alle economische activiteiten,"R Kunst, amusement en recreatie",2023,Februari 2023,15.0,10.0,23.0,48.0
Alle economische activiteiten,"R Kunst, amusement en recreatie",2023,Maart 2023,2.0,7.0,21.0,30.0
Alle economische activiteiten,S Overige diensten,2022,Maart 2022,21.0,11.0,48.0,80.0
Alle economische activiteiten,S Overige diensten,2022,April 2022,11.0,13.0,28.0,52.0
Alle economische activiteiten,S Overige diensten,2022,Mei 2022,18.0,14.0,52.0,84.0
Alle economische activiteiten,S Overige diensten,2022,Juni 2022,28.0,21.0,55.0,104.0
Alle economische activiteiten,S Overige diensten,2022,Juli 2022,9.0,4.0,18.0,31.0
Alle economische activiteiten,S Overige diensten,2022,Augustus 2022,12.0,16.0,14.0,42.0
Alle economische activiteiten,S Overige diensten,2022,September 2022,21.0,26.0,50.0,97.0
Alle economische activiteiten,S Overige diensten,2022,Oktober 2022,27.0,10.0,41.0,78.0
Alle economische activiteiten,S Overige diensten,2022,November 2022,2.0,10.0,37.0,49.0
Alle economische activiteiten,S Overige diensten,2022,December 2022,16.0,11.0,29.0,56.0
Alle economische activiteiten,S Overige diensten,2023,Januari 2023,11.0,15.0,35.0,61.0
Alle economische activiteiten,S Overige diensten,2023,Februari 2023,17.0,13.0,37.0,67.0
Alle economische activiteiten,S Overige diensten,2023,Maart 2023,26.0,70.0,48.0,144.0
Alle economische activiteiten,T Huishoudens als werkgever/ niet-gedifferentieerde productie van goederen en diensten door huishoudens voor eigen gebruik,2022,Maart 2022,,,,
Alle economische activiteiten,T Huishoudens als werkgever/ niet-gedifferentieerde productie van goederen en diensten door huishoudens voor eigen gebruik,2022,April 2022,,,,
Alle economische activiteiten,T Huishoudens als werkgever/ niet-gedifferentieerde productie van goederen en diensten door huishoudens voor eigen gebruik,2022,Mei 2022,,,,
Alle economische activiteiten,T Huishoudens als werkgever/ niet-gedifferentieerde productie van goederen en diensten door huishoudens voor eigen gebruik,2022,Juni 2022,0.0,0.0,1.0,1.0
Alle economische activiteiten,T Huishoudens als werkgever/ niet-gedifferentieerde productie van goederen en diensten door huishoudens voor eigen gebruik,2022,Juli 2022,,,,
Alle economische activiteiten,T Huishoudens als werkgever/ niet-gedifferentieerde productie van goederen en diensten door huishoudens voor eigen gebruik,2022,Augustus 2022,,,,
Alle economische activiteiten,T Huishoudens als werkgever/ niet-gedifferentieerde productie van goederen en diensten door huishoudens voor eigen gebruik,2022,September 2022,,,,
Alle economische activiteiten,T Huishoudens als werkgever/ niet-gedifferentieerde productie van goederen en diensten door huishoudens voor eigen gebruik,2022,Oktober 2022,,,,
Alle economische activiteiten,T Huishoudens als werkgever/ niet-gedifferentieerde productie van goederen en diensten door huishoudens voor eigen gebruik,2022,November 2022,0.0,0.0,2.0,2.0
Alle economische activiteiten,T Huishoudens als werkgever/ niet-gedifferentieerde productie van goederen en diensten door huishoudens voor eigen gebruik,2022,December 2022,,,,
Alle economische activiteiten,T Huishoudens als werkgever/ niet-gedifferentieerde productie van goederen en diensten door huishoudens voor eigen gebruik,2023,Januari 2023,0.0,0.0,1.0,1.0
Alle economische activiteiten,T Huishoudens als werkgever/ niet-gedifferentieerde productie van goederen en diensten door huishoudens voor eigen gebruik,2023,Februari 2023,,,,
Alle economische activiteiten,T Huishoudens als werkgever/ niet-gedifferentieerde productie van goederen en diensten door huishoudens voor eigen gebruik,2023,Maart 2023,,,,
Alle economische activiteiten,,2022,Maart 2022,928.0,341.0,1043.0,2312.0
Alle economische activiteiten,,2022,April 2022,614.0,233.0,709.0,1556.0
Alle economische activiteiten,,2022,Mei 2022,517.0,312.0,1063.0,1892.0
Alle economische activiteiten,,2022,Juni 2022,685.0,396.0,1237.0,2318.0
Alle economische activiteiten,,2022,Juli 2022,433.0,223.0,585.0,1241.0
Alle economische activiteiten,,2022,Augustus 2022,309.0,174.0,370.0,853.0
Alle economische activiteiten,,2022,September 2022,1058.0,338.0,1067.0,2463.0
Alle economische activiteiten,,2022,Oktober 2022,916.0,454.0,1040.0,2410.0
Alle economische activiteiten,,2022,November 2022,684.0,320.0,863.0,1867.0
Alle economische activiteiten,,2022,December 2022,722.0,415.0,890.0,2027.0
Alle economische activiteiten,,2023,Januari 2023,1877.0,1182.0,885.0,3944.0
Alle economische activiteiten,,2023,Februari 2023,764.0,402.0,927.0,2093.0
Alle economische activiteiten,,2023,Maart 2023,663.0,518.0,1034.0,2215.0
