Jaar/Maand,Dag,Productgroep,Product,Prijs incl. BTW
apr23,13apr23,Benzines,Benzine 95 RON E5 (€/L),1.865
apr23,13apr23,Benzines,Benzine 95 RON E10 (€/L),1.845
apr23,13apr23,Benzines,Benzine 98 RON E5 (€/L),2.006
apr23,13apr23,Benzines,Benzine 98 RON E10 (€/L),1.984
apr23,13apr23,Gasolie Diesel wegvervoer,Diesel B7 (€/L),1.816
apr23,13apr23,Gasolie Diesel wegvervoer,Diesel B10 (€/L),1.804
apr23,13apr23,Gasolie Diesel wegvervoer,Diesel B20 (€/L),1.818
apr23,13apr23,Gasolie Diesel wegvervoer,Diesel B30 (€/L),1.854
apr23,13apr23,Gasolie Diesel wegvervoer,Diesel XTL (€/L),2.556
apr23,13apr23,Gasolie Diesel (verwarmingsdoeleinden),Gasolie Diesel Verwarming (vanaf 2000 l) (€/L),0.903
apr23,13apr23,Gasolie Diesel (verwarmingsdoeleinden),Gasolie Diesel Verwarming (minder dan 2000 l) (€/L),0.94
apr23,13apr23,Gasolie Diesel (landbouw doeleinden),Gasolie Diesel Landbouw (vanaf 2000 l) (€/L),0.88
apr23,13apr23,Gasolie Diesel (landbouw doeleinden),Gasolie Diesel Landbouw (minder dan 2000 l) (€/L),0.918
apr23,13apr23,Gasolie Diesel (I&C doeleinden),Gasolie Diesel I&C (vanaf 2000 l) (€/L),0.908
apr23,13apr23,Gasolie Diesel (I&C doeleinden),Gasolie Diesel I&C (minder dan 2000 l) (€/L),0.945
apr23,13apr23,Gasolie Diesel (I&C doeleinden),Gasolie Diesel I&C (aan de pomp) (€/L),1.051
apr23,13apr23,Gasolie verwarming,Gasolie verwarming 50S (vanaf 2000 l) (€/L),0.896
apr23,13apr23,Gasolie verwarming,Gasolie verwarming 50S (minder dan 2000 l) (€/L),0.933
apr23,13apr23,Gasolie verwarming,Gasolie verwarming 50S (aan de pomp) (€/L),1.044
apr23,13apr23,Lamppetroleum,lamppetroleum (type B) (minder dan 2000 l) (€/L),1.005
apr23,13apr23,Lamppetroleum,lamppetroleum (type B) (vanaf 2000 l) (€/L),0.967
apr23,13apr23,Lamppetroleum,lamppetroleum (type B) (aan de pomp) (€/L),1.113
apr23,13apr23,Lamppetroleum,lamppetroleum (type C) (minder dan 2000 l) (€/L),1.041
apr23,13apr23,Lamppetroleum,lamppetroleum (type C) (vanaf 2000 l) (€/L),1.004
apr23,13apr23,Lamppetroleum,lamppetroleum (type C) (aan de pomp) (€/L),1.15
apr23,13apr23,Propaan,propaan (in bulk) (vanaf 2000 l) (€/L),0.766
apr23,13apr23,Propaan,propaan (in bulk) (minder dan 2000 l) (€/L),0.85
apr23,13apr23,Butaan + LPG,Autogas LPG (aan de pomp) (€/L),0.714
apr23,13apr23,Butaan + LPG,Autogas LPG (minder dan 2000 l) (€/L),0.856
apr23,13apr23,Butaan + LPG,Autogas LPG (vanaf 2000 l) (€/L),0.773
apr23,13apr23,Stookolie,Extra zware stookolie met 1 % S (per tankwagen) (€/T),609.2
apr23,14apr23,Benzines,Benzine 95 RON E5 (€/L),1.865
apr23,14apr23,Benzines,Benzine 95 RON E10 (€/L),1.845
apr23,14apr23,Benzines,Benzine 98 RON E5 (€/L),2.006
apr23,14apr23,Benzines,Benzine 98 RON E10 (€/L),1.984
apr23,14apr23,Gasolie Diesel wegvervoer,Diesel B7 (€/L),1.816
apr23,14apr23,Gasolie Diesel wegvervoer,Diesel B10 (€/L),1.804
apr23,14apr23,Gasolie Diesel wegvervoer,Diesel B20 (€/L),1.818
apr23,14apr23,Gasolie Diesel wegvervoer,Diesel B30 (€/L),1.854
apr23,14apr23,Gasolie Diesel wegvervoer,Diesel XTL (€/L),2.556
apr23,14apr23,Gasolie Diesel (verwarmingsdoeleinden),Gasolie Diesel Verwarming (vanaf 2000 l) (€/L),0.916
apr23,14apr23,Gasolie Diesel (verwarmingsdoeleinden),Gasolie Diesel Verwarming (minder dan 2000 l) (€/L),0.954
apr23,14apr23,Gasolie Diesel (landbouw doeleinden),Gasolie Diesel Landbouw (vanaf 2000 l) (€/L),0.893
apr23,14apr23,Gasolie Diesel (landbouw doeleinden),Gasolie Diesel Landbouw (minder dan 2000 l) (€/L),0.931
apr23,14apr23,Gasolie Diesel (I&C doeleinden),Gasolie Diesel I&C (vanaf 2000 l) (€/L),0.921
apr23,14apr23,Gasolie Diesel (I&C doeleinden),Gasolie Diesel I&C (minder dan 2000 l) (€/L),0.959
apr23,14apr23,Gasolie Diesel (I&C doeleinden),Gasolie Diesel I&C (aan de pomp) (€/L),1.065
apr23,14apr23,Gasolie verwarming,Gasolie verwarming 50S (vanaf 2000 l) (€/L),0.908
apr23,14apr23,Gasolie verwarming,Gasolie verwarming 50S (minder dan 2000 l) (€/L),0.945
apr23,14apr23,Gasolie verwarming,Gasolie verwarming 50S (aan de pomp) (€/L),1.057
apr23,14apr23,Lamppetroleum,lamppetroleum (type B) (minder dan 2000 l) (€/L),1.005
apr23,14apr23,Lamppetroleum,lamppetroleum (type B) (vanaf 2000 l) (€/L),0.967
apr23,14apr23,Lamppetroleum,lamppetroleum (type B) (aan de pomp) (€/L),1.113
apr23,14apr23,Lamppetroleum,lamppetroleum (type C) (minder dan 2000 l) (€/L),1.041
apr23,14apr23,Lamppetroleum,lamppetroleum (type C) (vanaf 2000 l) (€/L),1.004
apr23,14apr23,Lamppetroleum,lamppetroleum (type C) (aan de pomp) (€/L),1.15
apr23,14apr23,Propaan,propaan (in bulk) (vanaf 2000 l) (€/L),0.766
apr23,14apr23,Propaan,propaan (in bulk) (minder dan 2000 l) (€/L),0.85
apr23,14apr23,Butaan + LPG,Autogas LPG (aan de pomp) (€/L),0.714
apr23,14apr23,Butaan + LPG,Autogas LPG (minder dan 2000 l) (€/L),0.856
apr23,14apr23,Butaan + LPG,Autogas LPG (vanaf 2000 l) (€/L),0.773
apr23,14apr23,Stookolie,Extra zware stookolie met 1 % S (per tankwagen) (€/T),609.2
apr23,15apr23,Benzines,Benzine 95 RON E5 (€/L),1.844
apr23,15apr23,Benzines,Benzine 95 RON E10 (€/L),1.834
apr23,15apr23,Benzines,Benzine 98 RON E5 (€/L),2.002
apr23,15apr23,Benzines,Benzine 98 RON E10 (€/L),1.989
apr23,15apr23,Gasolie Diesel wegvervoer,Diesel B7 (€/L),1.816
apr23,15apr23,Gasolie Diesel wegvervoer,Diesel B10 (€/L),1.804
apr23,15apr23,Gasolie Diesel wegvervoer,Diesel B20 (€/L),1.818
apr23,15apr23,Gasolie Diesel wegvervoer,Diesel B30 (€/L),1.854
apr23,15apr23,Gasolie Diesel wegvervoer,Diesel XTL (€/L),2.556
apr23,15apr23,Gasolie Diesel (verwarmingsdoeleinden),Gasolie Diesel Verwarming (vanaf 2000 l) (€/L),0.91
apr23,15apr23,Gasolie Diesel (verwarmingsdoeleinden),Gasolie Diesel Verwarming (minder dan 2000 l) (€/L),0.948
apr23,15apr23,Gasolie Diesel (landbouw doeleinden),Gasolie Diesel Landbouw (vanaf 2000 l) (€/L),0.887
apr23,15apr23,Gasolie Diesel (landbouw doeleinden),Gasolie Diesel Landbouw (minder dan 2000 l) (€/L),0.925
apr23,15apr23,Gasolie Diesel (I&C doeleinden),Gasolie Diesel I&C (vanaf 2000 l) (€/L),0.915
apr23,15apr23,Gasolie Diesel (I&C doeleinden),Gasolie Diesel I&C (minder dan 2000 l) (€/L),0.953
apr23,15apr23,Gasolie Diesel (I&C doeleinden),Gasolie Diesel I&C (aan de pomp) (€/L),1.059
apr23,15apr23,Gasolie verwarming,Gasolie verwarming 50S (vanaf 2000 l) (€/L),0.901
apr23,15apr23,Gasolie verwarming,Gasolie verwarming 50S (minder dan 2000 l) (€/L),0.939
apr23,15apr23,Gasolie verwarming,Gasolie verwarming 50S (aan de pomp) (€/L),1.05
apr23,15apr23,Lamppetroleum,lamppetroleum (type B) (minder dan 2000 l) (€/L),1.005
apr23,15apr23,Lamppetroleum,lamppetroleum (type B) (vanaf 2000 l) (€/L),0.967
apr23,15apr23,Lamppetroleum,lamppetroleum (type B) (aan de pomp) (€/L),1.113
apr23,15apr23,Lamppetroleum,lamppetroleum (type C) (minder dan 2000 l) (€/L),1.041
apr23,15apr23,Lamppetroleum,lamppetroleum (type C) (vanaf 2000 l) (€/L),1.004
apr23,15apr23,Lamppetroleum,lamppetroleum (type C) (aan de pomp) (€/L),1.15
apr23,15apr23,Propaan,propaan (in bulk) (vanaf 2000 l) (€/L),0.766
apr23,15apr23,Propaan,propaan (in bulk) (minder dan 2000 l) (€/L),0.85
apr23,15apr23,Butaan + LPG,Autogas LPG (aan de pomp) (€/L),0.714
apr23,15apr23,Butaan + LPG,Autogas LPG (minder dan 2000 l) (€/L),0.856
apr23,15apr23,Butaan + LPG,Autogas LPG (vanaf 2000 l) (€/L),0.773
apr23,15apr23,Stookolie,Extra zware stookolie met 1 % S (per tankwagen) (€/T),609.2
apr23,16apr23,Benzines,Benzine 95 RON E5 (€/L),1.844
apr23,16apr23,Benzines,Benzine 95 RON E10 (€/L),1.834
apr23,16apr23,Benzines,Benzine 98 RON E5 (€/L),2.002
apr23,16apr23,Benzines,Benzine 98 RON E10 (€/L),1.989
apr23,16apr23,Gasolie Diesel wegvervoer,Diesel B7 (€/L),1.816
apr23,16apr23,Gasolie Diesel wegvervoer,Diesel B10 (€/L),1.804
apr23,16apr23,Gasolie Diesel wegvervoer,Diesel B20 (€/L),1.818
apr23,16apr23,Gasolie Diesel wegvervoer,Diesel B30 (€/L),1.854
apr23,16apr23,Gasolie Diesel wegvervoer,Diesel XTL (€/L),2.556
apr23,16apr23,Gasolie Diesel (verwarmingsdoeleinden),Gasolie Diesel Verwarming (vanaf 2000 l) (€/L),0.91
apr23,16apr23,Gasolie Diesel (verwarmingsdoeleinden),Gasolie Diesel Verwarming (minder dan 2000 l) (€/L),0.948
apr23,16apr23,Gasolie Diesel (landbouw doeleinden),Gasolie Diesel Landbouw (vanaf 2000 l) (€/L),0.887
apr23,16apr23,Gasolie Diesel (landbouw doeleinden),Gasolie Diesel Landbouw (minder dan 2000 l) (€/L),0.925
apr23,16apr23,Gasolie Diesel (I&C doeleinden),Gasolie Diesel I&C (vanaf 2000 l) (€/L),0.915
apr23,16apr23,Gasolie Diesel (I&C doeleinden),Gasolie Diesel I&C (minder dan 2000 l) (€/L),0.953
apr23,16apr23,Gasolie Diesel (I&C doeleinden),Gasolie Diesel I&C (aan de pomp) (€/L),1.059
apr23,16apr23,Gasolie verwarming,Gasolie verwarming 50S (vanaf 2000 l) (€/L),0.901
apr23,16apr23,Gasolie verwarming,Gasolie verwarming 50S (minder dan 2000 l) (€/L),0.939
apr23,16apr23,Gasolie verwarming,Gasolie verwarming 50S (aan de pomp) (€/L),1.05
apr23,16apr23,Lamppetroleum,lamppetroleum (type B) (minder dan 2000 l) (€/L),1.005
apr23,16apr23,Lamppetroleum,lamppetroleum (type B) (vanaf 2000 l) (€/L),0.967
apr23,16apr23,Lamppetroleum,lamppetroleum (type B) (aan de pomp) (€/L),1.113
apr23,16apr23,Lamppetroleum,lamppetroleum (type C) (minder dan 2000 l) (€/L),1.041
apr23,16apr23,Lamppetroleum,lamppetroleum (type C) (vanaf 2000 l) (€/L),1.004
apr23,16apr23,Lamppetroleum,lamppetroleum (type C) (aan de pomp) (€/L),1.15
apr23,16apr23,Propaan,propaan (in bulk) (vanaf 2000 l) (€/L),0.766
apr23,16apr23,Propaan,propaan (in bulk) (minder dan 2000 l) (€/L),0.85
apr23,16apr23,Butaan + LPG,Autogas LPG (aan de pomp) (€/L),0.714
apr23,16apr23,Butaan + LPG,Autogas LPG (minder dan 2000 l) (€/L),0.856
apr23,16apr23,Butaan + LPG,Autogas LPG (vanaf 2000 l) (€/L),0.773
apr23,16apr23,Stookolie,Extra zware stookolie met 1 % S (per tankwagen) (€/T),609.2
apr23,17apr23,Benzines,Benzine 95 RON E5 (€/L),1.844
apr23,17apr23,Benzines,Benzine 95 RON E10 (€/L),1.834
apr23,17apr23,Benzines,Benzine 98 RON E5 (€/L),2.002
apr23,17apr23,Benzines,Benzine 98 RON E10 (€/L),1.989
apr23,17apr23,Gasolie Diesel wegvervoer,Diesel B7 (€/L),1.816
apr23,17apr23,Gasolie Diesel wegvervoer,Diesel B10 (€/L),1.804
apr23,17apr23,Gasolie Diesel wegvervoer,Diesel B20 (€/L),1.818
apr23,17apr23,Gasolie Diesel wegvervoer,Diesel B30 (€/L),1.854
apr23,17apr23,Gasolie Diesel wegvervoer,Diesel XTL (€/L),2.556
apr23,17apr23,Gasolie Diesel (verwarmingsdoeleinden),Gasolie Diesel Verwarming (vanaf 2000 l) (€/L),0.91
apr23,17apr23,Gasolie Diesel (verwarmingsdoeleinden),Gasolie Diesel Verwarming (minder dan 2000 l) (€/L),0.948
apr23,17apr23,Gasolie Diesel (landbouw doeleinden),Gasolie Diesel Landbouw (vanaf 2000 l) (€/L),0.887
apr23,17apr23,Gasolie Diesel (landbouw doeleinden),Gasolie Diesel Landbouw (minder dan 2000 l) (€/L),0.925
apr23,17apr23,Gasolie Diesel (I&C doeleinden),Gasolie Diesel I&C (vanaf 2000 l) (€/L),0.915
apr23,17apr23,Gasolie Diesel (I&C doeleinden),Gasolie Diesel I&C (minder dan 2000 l) (€/L),0.953
apr23,17apr23,Gasolie Diesel (I&C doeleinden),Gasolie Diesel I&C (aan de pomp) (€/L),1.059
apr23,17apr23,Gasolie verwarming,Gasolie verwarming 50S (vanaf 2000 l) (€/L),0.901
apr23,17apr23,Gasolie verwarming,Gasolie verwarming 50S (minder dan 2000 l) (€/L),0.939
apr23,17apr23,Gasolie verwarming,Gasolie verwarming 50S (aan de pomp) (€/L),1.05
apr23,17apr23,Lamppetroleum,lamppetroleum (type B) (minder dan 2000 l) (€/L),1.005
apr23,17apr23,Lamppetroleum,lamppetroleum (type B) (vanaf 2000 l) (€/L),0.967
apr23,17apr23,Lamppetroleum,lamppetroleum (type B) (aan de pomp) (€/L),1.113
apr23,17apr23,Lamppetroleum,lamppetroleum (type C) (minder dan 2000 l) (€/L),1.041
apr23,17apr23,Lamppetroleum,lamppetroleum (type C) (vanaf 2000 l) (€/L),1.004
apr23,17apr23,Lamppetroleum,lamppetroleum (type C) (aan de pomp) (€/L),1.15
apr23,17apr23,Propaan,propaan (in bulk) (vanaf 2000 l) (€/L),0.766
apr23,17apr23,Propaan,propaan (in bulk) (minder dan 2000 l) (€/L),0.85
apr23,17apr23,Butaan + LPG,Autogas LPG (aan de pomp) (€/L),0.714
apr23,17apr23,Butaan + LPG,Autogas LPG (minder dan 2000 l) (€/L),0.856
apr23,17apr23,Butaan + LPG,Autogas LPG (vanaf 2000 l) (€/L),0.773
apr23,17apr23,Stookolie,Extra zware stookolie met 1 % S (per tankwagen) (€/T),609.2
apr23,18apr23,Benzines,Benzine 95 RON E5 (€/L),1.844
apr23,18apr23,Benzines,Benzine 95 RON E10 (€/L),1.834
apr23,18apr23,Benzines,Benzine 98 RON E5 (€/L),2.002
apr23,18apr23,Benzines,Benzine 98 RON E10 (€/L),1.989
apr23,18apr23,Gasolie Diesel wegvervoer,Diesel B7 (€/L),1.784
apr23,18apr23,Gasolie Diesel wegvervoer,Diesel B10 (€/L),1.768
apr23,18apr23,Gasolie Diesel wegvervoer,Diesel B20 (€/L),1.777
apr23,18apr23,Gasolie Diesel wegvervoer,Diesel B30 (€/L),1.804
apr23,18apr23,Gasolie Diesel wegvervoer,Diesel XTL (€/L),2.577
apr23,18apr23,Gasolie Diesel (verwarmingsdoeleinden),Gasolie Diesel Verwarming (vanaf 2000 l) (€/L),0.897
apr23,18apr23,Gasolie Diesel (verwarmingsdoeleinden),Gasolie Diesel Verwarming (minder dan 2000 l) (€/L),0.934
apr23,18apr23,Gasolie Diesel (landbouw doeleinden),Gasolie Diesel Landbouw (vanaf 2000 l) (€/L),0.874
apr23,18apr23,Gasolie Diesel (landbouw doeleinden),Gasolie Diesel Landbouw (minder dan 2000 l) (€/L),0.911
apr23,18apr23,Gasolie Diesel (I&C doeleinden),Gasolie Diesel I&C (vanaf 2000 l) (€/L),0.901
apr23,18apr23,Gasolie Diesel (I&C doeleinden),Gasolie Diesel I&C (minder dan 2000 l) (€/L),0.939
apr23,18apr23,Gasolie Diesel (I&C doeleinden),Gasolie Diesel I&C (aan de pomp) (€/L),1.045
apr23,18apr23,Gasolie verwarming,Gasolie verwarming 50S (vanaf 2000 l) (€/L),0.889
apr23,18apr23,Gasolie verwarming,Gasolie verwarming 50S (minder dan 2000 l) (€/L),0.927
apr23,18apr23,Gasolie verwarming,Gasolie verwarming 50S (aan de pomp) (€/L),1.038
apr23,18apr23,Lamppetroleum,lamppetroleum (type B) (minder dan 2000 l) (€/L),1.005
apr23,18apr23,Lamppetroleum,lamppetroleum (type B) (vanaf 2000 l) (€/L),0.967
apr23,18apr23,Lamppetroleum,lamppetroleum (type B) (aan de pomp) (€/L),1.113
apr23,18apr23,Lamppetroleum,lamppetroleum (type C) (minder dan 2000 l) (€/L),1.041
apr23,18apr23,Lamppetroleum,lamppetroleum (type C) (vanaf 2000 l) (€/L),1.004
apr23,18apr23,Lamppetroleum,lamppetroleum (type C) (aan de pomp) (€/L),1.15
apr23,18apr23,Propaan,propaan (in bulk) (vanaf 2000 l) (€/L),0.766
apr23,18apr23,Propaan,propaan (in bulk) (minder dan 2000 l) (€/L),0.85
apr23,18apr23,Butaan + LPG,Autogas LPG (aan de pomp) (€/L),0.714
apr23,18apr23,Butaan + LPG,Autogas LPG (minder dan 2000 l) (€/L),0.856
apr23,18apr23,Butaan + LPG,Autogas LPG (vanaf 2000 l) (€/L),0.773
apr23,18apr23,Stookolie,Extra zware stookolie met 1 % S (per tankwagen) (€/T),609.2
apr23,19apr23,Benzines,Benzine 95 RON E5 (€/L),1.844
apr23,19apr23,Benzines,Benzine 95 RON E10 (€/L),1.834
apr23,19apr23,Benzines,Benzine 98 RON E5 (€/L),2.002
apr23,19apr23,Benzines,Benzine 98 RON E10 (€/L),1.989
apr23,19apr23,Gasolie Diesel wegvervoer,Diesel B7 (€/L),1.784
apr23,19apr23,Gasolie Diesel wegvervoer,Diesel B10 (€/L),1.768
apr23,19apr23,Gasolie Diesel wegvervoer,Diesel B20 (€/L),1.777
apr23,19apr23,Gasolie Diesel wegvervoer,Diesel B30 (€/L),1.804
apr23,19apr23,Gasolie Diesel wegvervoer,Diesel XTL (€/L),2.577
apr23,19apr23,Gasolie Diesel (verwarmingsdoeleinden),Gasolie Diesel Verwarming (vanaf 2000 l) (€/L),0.887
apr23,19apr23,Gasolie Diesel (verwarmingsdoeleinden),Gasolie Diesel Verwarming (minder dan 2000 l) (€/L),0.924
apr23,19apr23,Gasolie Diesel (landbouw doeleinden),Gasolie Diesel Landbouw (vanaf 2000 l) (€/L),0.864
apr23,19apr23,Gasolie Diesel (landbouw doeleinden),Gasolie Diesel Landbouw (minder dan 2000 l) (€/L),0.902
apr23,19apr23,Gasolie Diesel (I&C doeleinden),Gasolie Diesel I&C (vanaf 2000 l) (€/L),0.892
apr23,19apr23,Gasolie Diesel (I&C doeleinden),Gasolie Diesel I&C (minder dan 2000 l) (€/L),0.929
apr23,19apr23,Gasolie Diesel (I&C doeleinden),Gasolie Diesel I&C (aan de pomp) (€/L),1.035
apr23,19apr23,Gasolie verwarming,Gasolie verwarming 50S (vanaf 2000 l) (€/L),0.88
apr23,19apr23,Gasolie verwarming,Gasolie verwarming 50S (minder dan 2000 l) (€/L),0.918
apr23,19apr23,Gasolie verwarming,Gasolie verwarming 50S (aan de pomp) (€/L),1.029
apr23,19apr23,Lamppetroleum,lamppetroleum (type B) (minder dan 2000 l) (€/L),1.005
apr23,19apr23,Lamppetroleum,lamppetroleum (type B) (vanaf 2000 l) (€/L),0.967
apr23,19apr23,Lamppetroleum,lamppetroleum (type B) (aan de pomp) (€/L),1.113
apr23,19apr23,Lamppetroleum,lamppetroleum (type C) (minder dan 2000 l) (€/L),1.041
apr23,19apr23,Lamppetroleum,lamppetroleum (type C) (vanaf 2000 l) (€/L),1.004
apr23,19apr23,Lamppetroleum,lamppetroleum (type C) (aan de pomp) (€/L),1.15
apr23,19apr23,Propaan,propaan (in bulk) (vanaf 2000 l) (€/L),0.742
apr23,19apr23,Propaan,propaan (in bulk) (minder dan 2000 l) (€/L),0.826
apr23,19apr23,Butaan + LPG,Autogas LPG (aan de pomp) (€/L),0.684
apr23,19apr23,Butaan + LPG,Autogas LPG (minder dan 2000 l) (€/L),0.827
apr23,19apr23,Butaan + LPG,Autogas LPG (vanaf 2000 l) (€/L),0.743
apr23,19apr23,Stookolie,Extra zware stookolie met 1 % S (per tankwagen) (€/T),600.61
apr23,20apr23,Benzines,Benzine 95 RON E5 (€/L),1.844
apr23,20apr23,Benzines,Benzine 95 RON E10 (€/L),1.834
apr23,20apr23,Benzines,Benzine 98 RON E5 (€/L),2.002
apr23,20apr23,Benzines,Benzine 98 RON E10 (€/L),1.989
apr23,20apr23,Gasolie Diesel wegvervoer,Diesel B7 (€/L),1.784
apr23,20apr23,Gasolie Diesel wegvervoer,Diesel B10 (€/L),1.768
apr23,20apr23,Gasolie Diesel wegvervoer,Diesel B20 (€/L),1.777
apr23,20apr23,Gasolie Diesel wegvervoer,Diesel B30 (€/L),1.804
apr23,20apr23,Gasolie Diesel wegvervoer,Diesel XTL (€/L),2.577
apr23,20apr23,Gasolie Diesel (verwarmingsdoeleinden),Gasolie Diesel Verwarming (vanaf 2000 l) (€/L),0.889
apr23,20apr23,Gasolie Diesel (verwarmingsdoeleinden),Gasolie Diesel Verwarming (minder dan 2000 l) (€/L),0.927
apr23,20apr23,Gasolie Diesel (landbouw doeleinden),Gasolie Diesel Landbouw (vanaf 2000 l) (€/L),0.866
apr23,20apr23,Gasolie Diesel (landbouw doeleinden),Gasolie Diesel Landbouw (minder dan 2000 l) (€/L),0.904
apr23,20apr23,Gasolie Diesel (I&C doeleinden),Gasolie Diesel I&C (vanaf 2000 l) (€/L),0.894
apr23,20apr23,Gasolie Diesel (I&C doeleinden),Gasolie Diesel I&C (minder dan 2000 l) (€/L),0.931
apr23,20apr23,Gasolie Diesel (I&C doeleinden),Gasolie Diesel I&C (aan de pomp) (€/L),1.038
apr23,20apr23,Gasolie verwarming,Gasolie verwarming 50S (vanaf 2000 l) (€/L),0.882
apr23,20apr23,Gasolie verwarming,Gasolie verwarming 50S (minder dan 2000 l) (€/L),0.92
apr23,20apr23,Gasolie verwarming,Gasolie verwarming 50S (aan de pomp) (€/L),1.031
apr23,20apr23,Lamppetroleum,lamppetroleum (type B) (minder dan 2000 l) (€/L),1.005
apr23,20apr23,Lamppetroleum,lamppetroleum (type B) (vanaf 2000 l) (€/L),0.967
apr23,20apr23,Lamppetroleum,lamppetroleum (type B) (aan de pomp) (€/L),1.113
apr23,20apr23,Lamppetroleum,lamppetroleum (type C) (minder dan 2000 l) (€/L),1.041
apr23,20apr23,Lamppetroleum,lamppetroleum (type C) (vanaf 2000 l) (€/L),1.004
apr23,20apr23,Lamppetroleum,lamppetroleum (type C) (aan de pomp) (€/L),1.15
apr23,20apr23,Propaan,propaan (in bulk) (vanaf 2000 l) (€/L),0.742
apr23,20apr23,Propaan,propaan (in bulk) (minder dan 2000 l) (€/L),0.826
apr23,20apr23,Butaan + LPG,Autogas LPG (aan de pomp) (€/L),0.684
apr23,20apr23,Butaan + LPG,Autogas LPG (minder dan 2000 l) (€/L),0.827
apr23,20apr23,Butaan + LPG,Autogas LPG (vanaf 2000 l) (€/L),0.743
apr23,20apr23,Stookolie,Extra zware stookolie met 1 % S (per tankwagen) (€/T),600.61
apr23,21apr23,Benzines,Benzine 95 RON E5 (€/L),1.81
apr23,21apr23,Benzines,Benzine 95 RON E10 (€/L),1.779
apr23,21apr23,Benzines,Benzine 98 RON E5 (€/L),1.967
apr23,21apr23,Benzines,Benzine 98 RON E10 (€/L),1.953
apr23,21apr23,Gasolie Diesel wegvervoer,Diesel B7 (€/L),1.784
apr23,21apr23,Gasolie Diesel wegvervoer,Diesel B10 (€/L),1.768
apr23,21apr23,Gasolie Diesel wegvervoer,Diesel B20 (€/L),1.777
apr23,21apr23,Gasolie Diesel wegvervoer,Diesel B30 (€/L),1.804
apr23,21apr23,Gasolie Diesel wegvervoer,Diesel XTL (€/L),2.577
apr23,21apr23,Gasolie Diesel (verwarmingsdoeleinden),Gasolie Diesel Verwarming (vanaf 2000 l) (€/L),0.878
apr23,21apr23,Gasolie Diesel (verwarmingsdoeleinden),Gasolie Diesel Verwarming (minder dan 2000 l) (€/L),0.916
apr23,21apr23,Gasolie Diesel (landbouw doeleinden),Gasolie Diesel Landbouw (vanaf 2000 l) (€/L),0.855
apr23,21apr23,Gasolie Diesel (landbouw doeleinden),Gasolie Diesel Landbouw (minder dan 2000 l) (€/L),0.893
apr23,21apr23,Gasolie Diesel (I&C doeleinden),Gasolie Diesel I&C (vanaf 2000 l) (€/L),0.883
apr23,21apr23,Gasolie Diesel (I&C doeleinden),Gasolie Diesel I&C (minder dan 2000 l) (€/L),0.921
apr23,21apr23,Gasolie Diesel (I&C doeleinden),Gasolie Diesel I&C (aan de pomp) (€/L),1.027
apr23,21apr23,Gasolie verwarming,Gasolie verwarming 50S (vanaf 2000 l) (€/L),0.871
apr23,21apr23,Gasolie verwarming,Gasolie verwarming 50S (minder dan 2000 l) (€/L),0.909
apr23,21apr23,Gasolie verwarming,Gasolie verwarming 50S (aan de pomp) (€/L),1.02
apr23,21apr23,Lamppetroleum,lamppetroleum (type B) (minder dan 2000 l) (€/L),0.974
apr23,21apr23,Lamppetroleum,lamppetroleum (type B) (vanaf 2000 l) (€/L),0.936
apr23,21apr23,Lamppetroleum,lamppetroleum (type B) (aan de pomp) (€/L),1.083
apr23,21apr23,Lamppetroleum,lamppetroleum (type C) (minder dan 2000 l) (€/L),1.009
apr23,21apr23,Lamppetroleum,lamppetroleum (type C) (vanaf 2000 l) (€/L),0.971
apr23,21apr23,Lamppetroleum,lamppetroleum (type C) (aan de pomp) (€/L),1.118
apr23,21apr23,Propaan,propaan (in bulk) (vanaf 2000 l) (€/L),0.742
apr23,21apr23,Propaan,propaan (in bulk) (minder dan 2000 l) (€/L),0.826
apr23,21apr23,Butaan + LPG,Autogas LPG (aan de pomp) (€/L),0.684
apr23,21apr23,Butaan + LPG,Autogas LPG (minder dan 2000 l) (€/L),0.827
apr23,21apr23,Butaan + LPG,Autogas LPG (vanaf 2000 l) (€/L),0.743
apr23,21apr23,Stookolie,Extra zware stookolie met 1 % S (per tankwagen) (€/T),600.61
apr23,22apr23,Benzines,Benzine 95 RON E5 (€/L),1.81
apr23,22apr23,Benzines,Benzine 95 RON E10 (€/L),1.779
apr23,22apr23,Benzines,Benzine 98 RON E5 (€/L),1.967
apr23,22apr23,Benzines,Benzine 98 RON E10 (€/L),1.953
apr23,22apr23,Gasolie Diesel wegvervoer,Diesel B7 (€/L),1.784
apr23,22apr23,Gasolie Diesel wegvervoer,Diesel B10 (€/L),1.768
apr23,22apr23,Gasolie Diesel wegvervoer,Diesel B20 (€/L),1.777
apr23,22apr23,Gasolie Diesel wegvervoer,Diesel B30 (€/L),1.804
apr23,22apr23,Gasolie Diesel wegvervoer,Diesel XTL (€/L),2.577
apr23,22apr23,Gasolie Diesel (verwarmingsdoeleinden),Gasolie Diesel Verwarming (vanaf 2000 l) (€/L),0.853
apr23,22apr23,Gasolie Diesel (verwarmingsdoeleinden),Gasolie Diesel Verwarming (minder dan 2000 l) (€/L),0.89
apr23,22apr23,Gasolie Diesel (landbouw doeleinden),Gasolie Diesel Landbouw (vanaf 2000 l) (€/L),0.83
apr23,22apr23,Gasolie Diesel (landbouw doeleinden),Gasolie Diesel Landbouw (minder dan 2000 l) (€/L),0.867
apr23,22apr23,Gasolie Diesel (I&C doeleinden),Gasolie Diesel I&C (vanaf 2000 l) (€/L),0.858
apr23,22apr23,Gasolie Diesel (I&C doeleinden),Gasolie Diesel I&C (minder dan 2000 l) (€/L),0.895
apr23,22apr23,Gasolie Diesel (I&C doeleinden),Gasolie Diesel I&C (aan de pomp) (€/L),1.001
apr23,22apr23,Gasolie verwarming,Gasolie verwarming 50S (vanaf 2000 l) (€/L),0.846
apr23,22apr23,Gasolie verwarming,Gasolie verwarming 50S (minder dan 2000 l) (€/L),0.884
apr23,22apr23,Gasolie verwarming,Gasolie verwarming 50S (aan de pomp) (€/L),0.995
apr23,22apr23,Lamppetroleum,lamppetroleum (type B) (minder dan 2000 l) (€/L),0.974
apr23,22apr23,Lamppetroleum,lamppetroleum (type B) (vanaf 2000 l) (€/L),0.936
apr23,22apr23,Lamppetroleum,lamppetroleum (type B) (aan de pomp) (€/L),1.083
apr23,22apr23,Lamppetroleum,lamppetroleum (type C) (minder dan 2000 l) (€/L),1.009
apr23,22apr23,Lamppetroleum,lamppetroleum (type C) (vanaf 2000 l) (€/L),0.971
apr23,22apr23,Lamppetroleum,lamppetroleum (type C) (aan de pomp) (€/L),1.118
apr23,22apr23,Propaan,propaan (in bulk) (vanaf 2000 l) (€/L),0.742
apr23,22apr23,Propaan,propaan (in bulk) (minder dan 2000 l) (€/L),0.826
apr23,22apr23,Butaan + LPG,Autogas LPG (aan de pomp) (€/L),0.684
apr23,22apr23,Butaan + LPG,Autogas LPG (minder dan 2000 l) (€/L),0.827
apr23,22apr23,Butaan + LPG,Autogas LPG (vanaf 2000 l) (€/L),0.743
apr23,22apr23,Stookolie,Extra zware stookolie met 1 % S (per tankwagen) (€/T),600.61
apr23,23apr23,Benzines,Benzine 95 RON E5 (€/L),1.81
apr23,23apr23,Benzines,Benzine 95 RON E10 (€/L),1.779
apr23,23apr23,Benzines,Benzine 98 RON E5 (€/L),1.967
apr23,23apr23,Benzines,Benzine 98 RON E10 (€/L),1.953
apr23,23apr23,Gasolie Diesel wegvervoer,Diesel B7 (€/L),1.784
apr23,23apr23,Gasolie Diesel wegvervoer,Diesel B10 (€/L),1.768
apr23,23apr23,Gasolie Diesel wegvervoer,Diesel B20 (€/L),1.777
apr23,23apr23,Gasolie Diesel wegvervoer,Diesel B30 (€/L),1.804
apr23,23apr23,Gasolie Diesel wegvervoer,Diesel XTL (€/L),2.577
apr23,23apr23,Gasolie Diesel (verwarmingsdoeleinden),Gasolie Diesel Verwarming (vanaf 2000 l) (€/L),0.853
apr23,23apr23,Gasolie Diesel (verwarmingsdoeleinden),Gasolie Diesel Verwarming (minder dan 2000 l) (€/L),0.89
apr23,23apr23,Gasolie Diesel (landbouw doeleinden),Gasolie Diesel Landbouw (vanaf 2000 l) (€/L),0.83
apr23,23apr23,Gasolie Diesel (landbouw doeleinden),Gasolie Diesel Landbouw (minder dan 2000 l) (€/L),0.867
apr23,23apr23,Gasolie Diesel (I&C doeleinden),Gasolie Diesel I&C (vanaf 2000 l) (€/L),0.858
apr23,23apr23,Gasolie Diesel (I&C doeleinden),Gasolie Diesel I&C (minder dan 2000 l) (€/L),0.895
apr23,23apr23,Gasolie Diesel (I&C doeleinden),Gasolie Diesel I&C (aan de pomp) (€/L),1.001
apr23,23apr23,Gasolie verwarming,Gasolie verwarming 50S (vanaf 2000 l) (€/L),0.846
apr23,23apr23,Gasolie verwarming,Gasolie verwarming 50S (minder dan 2000 l) (€/L),0.884
apr23,23apr23,Gasolie verwarming,Gasolie verwarming 50S (aan de pomp) (€/L),0.995
apr23,23apr23,Lamppetroleum,lamppetroleum (type B) (minder dan 2000 l) (€/L),0.974
apr23,23apr23,Lamppetroleum,lamppetroleum (type B) (vanaf 2000 l) (€/L),0.936
apr23,23apr23,Lamppetroleum,lamppetroleum (type B) (aan de pomp) (€/L),1.083
apr23,23apr23,Lamppetroleum,lamppetroleum (type C) (minder dan 2000 l) (€/L),1.009
apr23,23apr23,Lamppetroleum,lamppetroleum (type C) (vanaf 2000 l) (€/L),0.971
apr23,23apr23,Lamppetroleum,lamppetroleum (type C) (aan de pomp) (€/L),1.118
apr23,23apr23,Propaan,propaan (in bulk) (vanaf 2000 l) (€/L),0.742
apr23,23apr23,Propaan,propaan (in bulk) (minder dan 2000 l) (€/L),0.826
apr23,23apr23,Butaan + LPG,Autogas LPG (aan de pomp) (€/L),0.684
apr23,23apr23,Butaan + LPG,Autogas LPG (minder dan 2000 l) (€/L),0.827
apr23,23apr23,Butaan + LPG,Autogas LPG (vanaf 2000 l) (€/L),0.743
apr23,23apr23,Stookolie,Extra zware stookolie met 1 % S (per tankwagen) (€/T),600.61
apr23,24apr23,Benzines,Benzine 95 RON E5 (€/L),1.81
apr23,24apr23,Benzines,Benzine 95 RON E10 (€/L),1.779
apr23,24apr23,Benzines,Benzine 98 RON E5 (€/L),1.967
apr23,24apr23,Benzines,Benzine 98 RON E10 (€/L),1.953
apr23,24apr23,Gasolie Diesel wegvervoer,Diesel B7 (€/L),1.784
apr23,24apr23,Gasolie Diesel wegvervoer,Diesel B10 (€/L),1.768
apr23,24apr23,Gasolie Diesel wegvervoer,Diesel B20 (€/L),1.777
apr23,24apr23,Gasolie Diesel wegvervoer,Diesel B30 (€/L),1.804
apr23,24apr23,Gasolie Diesel wegvervoer,Diesel XTL (€/L),2.577
apr23,24apr23,Gasolie Diesel (verwarmingsdoeleinden),Gasolie Diesel Verwarming (vanaf 2000 l) (€/L),0.853
apr23,24apr23,Gasolie Diesel (verwarmingsdoeleinden),Gasolie Diesel Verwarming (minder dan 2000 l) (€/L),0.89
apr23,24apr23,Gasolie Diesel (landbouw doeleinden),Gasolie Diesel Landbouw (vanaf 2000 l) (€/L),0.83
apr23,24apr23,Gasolie Diesel (landbouw doeleinden),Gasolie Diesel Landbouw (minder dan 2000 l) (€/L),0.867
apr23,24apr23,Gasolie Diesel (I&C doeleinden),Gasolie Diesel I&C (vanaf 2000 l) (€/L),0.858
apr23,24apr23,Gasolie Diesel (I&C doeleinden),Gasolie Diesel I&C (minder dan 2000 l) (€/L),0.895
apr23,24apr23,Gasolie Diesel (I&C doeleinden),Gasolie Diesel I&C (aan de pomp) (€/L),1.001
apr23,24apr23,Gasolie verwarming,Gasolie verwarming 50S (vanaf 2000 l) (€/L),0.846
apr23,24apr23,Gasolie verwarming,Gasolie verwarming 50S (minder dan 2000 l) (€/L),0.884
apr23,24apr23,Gasolie verwarming,Gasolie verwarming 50S (aan de pomp) (€/L),0.995
apr23,24apr23,Lamppetroleum,lamppetroleum (type B) (minder dan 2000 l) (€/L),0.974
apr23,24apr23,Lamppetroleum,lamppetroleum (type B) (vanaf 2000 l) (€/L),0.936
apr23,24apr23,Lamppetroleum,lamppetroleum (type B) (aan de pomp) (€/L),1.083
apr23,24apr23,Lamppetroleum,lamppetroleum (type C) (minder dan 2000 l) (€/L),1.009
apr23,24apr23,Lamppetroleum,lamppetroleum (type C) (vanaf 2000 l) (€/L),0.971
apr23,24apr23,Lamppetroleum,lamppetroleum (type C) (aan de pomp) (€/L),1.118
apr23,24apr23,Propaan,propaan (in bulk) (vanaf 2000 l) (€/L),0.742
apr23,24apr23,Propaan,propaan (in bulk) (minder dan 2000 l) (€/L),0.826
apr23,24apr23,Butaan + LPG,Autogas LPG (aan de pomp) (€/L),0.684
apr23,24apr23,Butaan + LPG,Autogas LPG (minder dan 2000 l) (€/L),0.827
apr23,24apr23,Butaan + LPG,Autogas LPG (vanaf 2000 l) (€/L),0.743
apr23,24apr23,Stookolie,Extra zware stookolie met 1 % S (per tankwagen) (€/T),600.61
apr23,25apr23,Benzines,Benzine 95 RON E5 (€/L),1.81
apr23,25apr23,Benzines,Benzine 95 RON E10 (€/L),1.779
apr23,25apr23,Benzines,Benzine 98 RON E5 (€/L),1.967
apr23,25apr23,Benzines,Benzine 98 RON E10 (€/L),1.953
apr23,25apr23,Gasolie Diesel wegvervoer,Diesel B7 (€/L),1.756
apr23,25apr23,Gasolie Diesel wegvervoer,Diesel B10 (€/L),1.736
apr23,25apr23,Gasolie Diesel wegvervoer,Diesel B20 (€/L),1.75
apr23,25apr23,Gasolie Diesel wegvervoer,Diesel B30 (€/L),1.787
apr23,25apr23,Gasolie Diesel wegvervoer,Diesel XTL (€/L),2.766
apr23,25apr23,Gasolie Diesel (verwarmingsdoeleinden),Gasolie Diesel Verwarming (vanaf 2000 l) (€/L),0.857
apr23,25apr23,Gasolie Diesel (verwarmingsdoeleinden),Gasolie Diesel Verwarming (minder dan 2000 l) (€/L),0.894
apr23,25apr23,Gasolie Diesel (landbouw doeleinden),Gasolie Diesel Landbouw (vanaf 2000 l) (€/L),0.834
apr23,25apr23,Gasolie Diesel (landbouw doeleinden),Gasolie Diesel Landbouw (minder dan 2000 l) (€/L),0.872
apr23,25apr23,Gasolie Diesel (I&C doeleinden),Gasolie Diesel I&C (vanaf 2000 l) (€/L),0.862
apr23,25apr23,Gasolie Diesel (I&C doeleinden),Gasolie Diesel I&C (minder dan 2000 l) (€/L),0.899
apr23,25apr23,Gasolie Diesel (I&C doeleinden),Gasolie Diesel I&C (aan de pomp) (€/L),1.005
apr23,25apr23,Gasolie verwarming,Gasolie verwarming 50S (vanaf 2000 l) (€/L),0.849
apr23,25apr23,Gasolie verwarming,Gasolie verwarming 50S (minder dan 2000 l) (€/L),0.887
apr23,25apr23,Gasolie verwarming,Gasolie verwarming 50S (aan de pomp) (€/L),0.998
apr23,25apr23,Lamppetroleum,lamppetroleum (type B) (minder dan 2000 l) (€/L),0.974
apr23,25apr23,Lamppetroleum,lamppetroleum (type B) (vanaf 2000 l) (€/L),0.936
apr23,25apr23,Lamppetroleum,lamppetroleum (type B) (aan de pomp) (€/L),1.083
apr23,25apr23,Lamppetroleum,lamppetroleum (type C) (minder dan 2000 l) (€/L),1.009
apr23,25apr23,Lamppetroleum,lamppetroleum (type C) (vanaf 2000 l) (€/L),0.971
apr23,25apr23,Lamppetroleum,lamppetroleum (type C) (aan de pomp) (€/L),1.118
apr23,25apr23,Propaan,propaan (in bulk) (vanaf 2000 l) (€/L),0.742
apr23,25apr23,Propaan,propaan (in bulk) (minder dan 2000 l) (€/L),0.826
apr23,25apr23,Butaan + LPG,Autogas LPG (aan de pomp) (€/L),0.684
apr23,25apr23,Butaan + LPG,Autogas LPG (minder dan 2000 l) (€/L),0.827
apr23,25apr23,Butaan + LPG,Autogas LPG (vanaf 2000 l) (€/L),0.743
apr23,25apr23,Stookolie,Extra zware stookolie met 1 % S (per tankwagen) (€/T),600.61
apr23,26apr23,Benzines,Benzine 95 RON E5 (€/L),1.81
apr23,26apr23,Benzines,Benzine 95 RON E10 (€/L),1.779
apr23,26apr23,Benzines,Benzine 98 RON E5 (€/L),1.967
apr23,26apr23,Benzines,Benzine 98 RON E10 (€/L),1.953
apr23,26apr23,Gasolie Diesel wegvervoer,Diesel B7 (€/L),1.756
apr23,26apr23,Gasolie Diesel wegvervoer,Diesel B10 (€/L),1.736
apr23,26apr23,Gasolie Diesel wegvervoer,Diesel B20 (€/L),1.75
apr23,26apr23,Gasolie Diesel wegvervoer,Diesel B30 (€/L),1.787
apr23,26apr23,Gasolie Diesel wegvervoer,Diesel XTL (€/L),2.766
apr23,26apr23,Gasolie Diesel (verwarmingsdoeleinden),Gasolie Diesel Verwarming (vanaf 2000 l) (€/L),0.863
apr23,26apr23,Gasolie Diesel (verwarmingsdoeleinden),Gasolie Diesel Verwarming (minder dan 2000 l) (€/L),0.9
apr23,26apr23,Gasolie Diesel (landbouw doeleinden),Gasolie Diesel Landbouw (vanaf 2000 l) (€/L),0.84
apr23,26apr23,Gasolie Diesel (landbouw doeleinden),Gasolie Diesel Landbouw (minder dan 2000 l) (€/L),0.878
apr23,26apr23,Gasolie Diesel (I&C doeleinden),Gasolie Diesel I&C (vanaf 2000 l) (€/L),0.868
apr23,26apr23,Gasolie Diesel (I&C doeleinden),Gasolie Diesel I&C (minder dan 2000 l) (€/L),0.905
apr23,26apr23,Gasolie Diesel (I&C doeleinden),Gasolie Diesel I&C (aan de pomp) (€/L),1.011
apr23,26apr23,Gasolie verwarming,Gasolie verwarming 50S (vanaf 2000 l) (€/L),0.855
apr23,26apr23,Gasolie verwarming,Gasolie verwarming 50S (minder dan 2000 l) (€/L),0.893
apr23,26apr23,Gasolie verwarming,Gasolie verwarming 50S (aan de pomp) (€/L),1.004
apr23,26apr23,Lamppetroleum,lamppetroleum (type B) (minder dan 2000 l) (€/L),0.974
apr23,26apr23,Lamppetroleum,lamppetroleum (type B) (vanaf 2000 l) (€/L),0.936
apr23,26apr23,Lamppetroleum,lamppetroleum (type B) (aan de pomp) (€/L),1.083
apr23,26apr23,Lamppetroleum,lamppetroleum (type C) (minder dan 2000 l) (€/L),1.009
apr23,26apr23,Lamppetroleum,lamppetroleum (type C) (vanaf 2000 l) (€/L),0.971
apr23,26apr23,Lamppetroleum,lamppetroleum (type C) (aan de pomp) (€/L),1.118
apr23,26apr23,Propaan,propaan (in bulk) (vanaf 2000 l) (€/L),0.742
apr23,26apr23,Propaan,propaan (in bulk) (minder dan 2000 l) (€/L),0.826
apr23,26apr23,Butaan + LPG,Autogas LPG (aan de pomp) (€/L),0.684
apr23,26apr23,Butaan + LPG,Autogas LPG (minder dan 2000 l) (€/L),0.827
apr23,26apr23,Butaan + LPG,Autogas LPG (vanaf 2000 l) (€/L),0.743
apr23,26apr23,Stookolie,Extra zware stookolie met 1 % S (per tankwagen) (€/T),600.61
apr23,27apr23,Benzines,Benzine 95 RON E5 (€/L),1.81
apr23,27apr23,Benzines,Benzine 95 RON E10 (€/L),1.779
apr23,27apr23,Benzines,Benzine 98 RON E5 (€/L),1.967
apr23,27apr23,Benzines,Benzine 98 RON E10 (€/L),1.953
apr23,27apr23,Gasolie Diesel wegvervoer,Diesel B7 (€/L),1.756
apr23,27apr23,Gasolie Diesel wegvervoer,Diesel B10 (€/L),1.736
apr23,27apr23,Gasolie Diesel wegvervoer,Diesel B20 (€/L),1.75
apr23,27apr23,Gasolie Diesel wegvervoer,Diesel B30 (€/L),1.787
apr23,27apr23,Gasolie Diesel wegvervoer,Diesel XTL (€/L),2.766
apr23,27apr23,Gasolie Diesel (verwarmingsdoeleinden),Gasolie Diesel Verwarming (vanaf 2000 l) (€/L),0.845
apr23,27apr23,Gasolie Diesel (verwarmingsdoeleinden),Gasolie Diesel Verwarming (minder dan 2000 l) (€/L),0.883
apr23,27apr23,Gasolie Diesel (landbouw doeleinden),Gasolie Diesel Landbouw (vanaf 2000 l) (€/L),0.822
apr23,27apr23,Gasolie Diesel (landbouw doeleinden),Gasolie Diesel Landbouw (minder dan 2000 l) (€/L),0.86
apr23,27apr23,Gasolie Diesel (I&C doeleinden),Gasolie Diesel I&C (vanaf 2000 l) (€/L),0.85
apr23,27apr23,Gasolie Diesel (I&C doeleinden),Gasolie Diesel I&C (minder dan 2000 l) (€/L),0.888
apr23,27apr23,Gasolie Diesel (I&C doeleinden),Gasolie Diesel I&C (aan de pomp) (€/L),0.994
apr23,27apr23,Gasolie verwarming,Gasolie verwarming 50S (vanaf 2000 l) (€/L),0.838
apr23,27apr23,Gasolie verwarming,Gasolie verwarming 50S (minder dan 2000 l) (€/L),0.875
apr23,27apr23,Gasolie verwarming,Gasolie verwarming 50S (aan de pomp) (€/L),0.986
apr23,27apr23,Lamppetroleum,lamppetroleum (type B) (minder dan 2000 l) (€/L),0.941
apr23,27apr23,Lamppetroleum,lamppetroleum (type B) (vanaf 2000 l) (€/L),0.904
apr23,27apr23,Lamppetroleum,lamppetroleum (type B) (aan de pomp) (€/L),1.05
apr23,27apr23,Lamppetroleum,lamppetroleum (type C) (minder dan 2000 l) (€/L),0.975
apr23,27apr23,Lamppetroleum,lamppetroleum (type C) (vanaf 2000 l) (€/L),0.937
apr23,27apr23,Lamppetroleum,lamppetroleum (type C) (aan de pomp) (€/L),1.084
apr23,27apr23,Propaan,propaan (in bulk) (vanaf 2000 l) (€/L),0.708
apr23,27apr23,Propaan,propaan (in bulk) (minder dan 2000 l) (€/L),0.791
apr23,27apr23,Butaan + LPG,Autogas LPG (aan de pomp) (€/L),0.654
apr23,27apr23,Butaan + LPG,Autogas LPG (minder dan 2000 l) (€/L),0.796
apr23,27apr23,Butaan + LPG,Autogas LPG (vanaf 2000 l) (€/L),0.713
apr23,27apr23,Stookolie,Extra zware stookolie met 1 % S (per tankwagen) (€/T),600.61
apr23,28apr23,Benzines,Benzine 95 RON E5 (€/L),1.81
apr23,28apr23,Benzines,Benzine 95 RON E10 (€/L),1.779
apr23,28apr23,Benzines,Benzine 98 RON E5 (€/L),1.967
apr23,28apr23,Benzines,Benzine 98 RON E10 (€/L),1.953
apr23,28apr23,Gasolie Diesel wegvervoer,Diesel B7 (€/L),1.756
apr23,28apr23,Gasolie Diesel wegvervoer,Diesel B10 (€/L),1.736
apr23,28apr23,Gasolie Diesel wegvervoer,Diesel B20 (€/L),1.75
apr23,28apr23,Gasolie Diesel wegvervoer,Diesel B30 (€/L),1.787
apr23,28apr23,Gasolie Diesel wegvervoer,Diesel XTL (€/L),2.766
apr23,28apr23,Gasolie Diesel (verwarmingsdoeleinden),Gasolie Diesel Verwarming (vanaf 2000 l) (€/L),0.833
apr23,28apr23,Gasolie Diesel (verwarmingsdoeleinden),Gasolie Diesel Verwarming (minder dan 2000 l) (€/L),0.871
apr23,28apr23,Gasolie Diesel (landbouw doeleinden),Gasolie Diesel Landbouw (vanaf 2000 l) (€/L),0.81
apr23,28apr23,Gasolie Diesel (landbouw doeleinden),Gasolie Diesel Landbouw (minder dan 2000 l) (€/L),0.848
apr23,28apr23,Gasolie Diesel (I&C doeleinden),Gasolie Diesel I&C (vanaf 2000 l) (€/L),0.838
apr23,28apr23,Gasolie Diesel (I&C doeleinden),Gasolie Diesel I&C (minder dan 2000 l) (€/L),0.876
apr23,28apr23,Gasolie Diesel (I&C doeleinden),Gasolie Diesel I&C (aan de pomp) (€/L),0.982
apr23,28apr23,Gasolie verwarming,Gasolie verwarming 50S (vanaf 2000 l) (€/L),0.826
apr23,28apr23,Gasolie verwarming,Gasolie verwarming 50S (minder dan 2000 l) (€/L),0.863
apr23,28apr23,Gasolie verwarming,Gasolie verwarming 50S (aan de pomp) (€/L),0.975
apr23,28apr23,Lamppetroleum,lamppetroleum (type B) (minder dan 2000 l) (€/L),0.941
apr23,28apr23,Lamppetroleum,lamppetroleum (type B) (vanaf 2000 l) (€/L),0.904
apr23,28apr23,Lamppetroleum,lamppetroleum (type B) (aan de pomp) (€/L),1.05
apr23,28apr23,Lamppetroleum,lamppetroleum (type C) (minder dan 2000 l) (€/L),0.975
apr23,28apr23,Lamppetroleum,lamppetroleum (type C) (vanaf 2000 l) (€/L),0.937
apr23,28apr23,Lamppetroleum,lamppetroleum (type C) (aan de pomp) (€/L),1.084
apr23,28apr23,Propaan,propaan (in bulk) (vanaf 2000 l) (€/L),0.708
apr23,28apr23,Propaan,propaan (in bulk) (minder dan 2000 l) (€/L),0.791
apr23,28apr23,Butaan + LPG,Autogas LPG (aan de pomp) (€/L),0.654
apr23,28apr23,Butaan + LPG,Autogas LPG (minder dan 2000 l) (€/L),0.796
apr23,28apr23,Butaan + LPG,Autogas LPG (vanaf 2000 l) (€/L),0.713
apr23,28apr23,Stookolie,Extra zware stookolie met 1 % S (per tankwagen) (€/T),600.61
apr23,29apr23,Benzines,Benzine 95 RON E5 (€/L),1.81
apr23,29apr23,Benzines,Benzine 95 RON E10 (€/L),1.779
apr23,29apr23,Benzines,Benzine 98 RON E5 (€/L),1.967
apr23,29apr23,Benzines,Benzine 98 RON E10 (€/L),1.953
apr23,29apr23,Gasolie Diesel wegvervoer,Diesel B7 (€/L),1.756
apr23,29apr23,Gasolie Diesel wegvervoer,Diesel B10 (€/L),1.736
apr23,29apr23,Gasolie Diesel wegvervoer,Diesel B20 (€/L),1.75
apr23,29apr23,Gasolie Diesel wegvervoer,Diesel B30 (€/L),1.787
apr23,29apr23,Gasolie Diesel wegvervoer,Diesel XTL (€/L),2.766
apr23,29apr23,Gasolie Diesel (verwarmingsdoeleinden),Gasolie Diesel Verwarming (vanaf 2000 l) (€/L),0.818
apr23,29apr23,Gasolie Diesel (verwarmingsdoeleinden),Gasolie Diesel Verwarming (minder dan 2000 l) (€/L),0.855
apr23,29apr23,Gasolie Diesel (landbouw doeleinden),Gasolie Diesel Landbouw (vanaf 2000 l) (€/L),0.795
apr23,29apr23,Gasolie Diesel (landbouw doeleinden),Gasolie Diesel Landbouw (minder dan 2000 l) (€/L),0.833
apr23,29apr23,Gasolie Diesel (I&C doeleinden),Gasolie Diesel I&C (vanaf 2000 l) (€/L),0.823
apr23,29apr23,Gasolie Diesel (I&C doeleinden),Gasolie Diesel I&C (minder dan 2000 l) (€/L),0.86
apr23,29apr23,Gasolie Diesel (I&C doeleinden),Gasolie Diesel I&C (aan de pomp) (€/L),0.966
apr23,29apr23,Gasolie verwarming,Gasolie verwarming 50S (vanaf 2000 l) (€/L),0.81
apr23,29apr23,Gasolie verwarming,Gasolie verwarming 50S (minder dan 2000 l) (€/L),0.847
apr23,29apr23,Gasolie verwarming,Gasolie verwarming 50S (aan de pomp) (€/L),0.958
apr23,29apr23,Lamppetroleum,lamppetroleum (type B) (minder dan 2000 l) (€/L),0.941
apr23,29apr23,Lamppetroleum,lamppetroleum (type B) (vanaf 2000 l) (€/L),0.904
apr23,29apr23,Lamppetroleum,lamppetroleum (type B) (aan de pomp) (€/L),1.05
apr23,29apr23,Lamppetroleum,lamppetroleum (type C) (minder dan 2000 l) (€/L),0.975
apr23,29apr23,Lamppetroleum,lamppetroleum (type C) (vanaf 2000 l) (€/L),0.937
apr23,29apr23,Lamppetroleum,lamppetroleum (type C) (aan de pomp) (€/L),1.084
apr23,29apr23,Propaan,propaan (in bulk) (vanaf 2000 l) (€/L),0.708
apr23,29apr23,Propaan,propaan (in bulk) (minder dan 2000 l) (€/L),0.791
apr23,29apr23,Butaan + LPG,Autogas LPG (aan de pomp) (€/L),0.654
apr23,29apr23,Butaan + LPG,Autogas LPG (minder dan 2000 l) (€/L),0.796
apr23,29apr23,Butaan + LPG,Autogas LPG (vanaf 2000 l) (€/L),0.713
apr23,29apr23,Stookolie,Extra zware stookolie met 1 % S (per tankwagen) (€/T),578.26
apr23,30apr23,Benzines,Benzine 95 RON E5 (€/L),1.81
apr23,30apr23,Benzines,Benzine 95 RON E10 (€/L),1.779
apr23,30apr23,Benzines,Benzine 98 RON E5 (€/L),1.967
apr23,30apr23,Benzines,Benzine 98 RON E10 (€/L),1.953
apr23,30apr23,Gasolie Diesel wegvervoer,Diesel B7 (€/L),1.756
apr23,30apr23,Gasolie Diesel wegvervoer,Diesel B10 (€/L),1.736
apr23,30apr23,Gasolie Diesel wegvervoer,Diesel B20 (€/L),1.75
apr23,30apr23,Gasolie Diesel wegvervoer,Diesel B30 (€/L),1.787
apr23,30apr23,Gasolie Diesel wegvervoer,Diesel XTL (€/L),2.766
apr23,30apr23,Gasolie Diesel (verwarmingsdoeleinden),Gasolie Diesel Verwarming (vanaf 2000 l) (€/L),0.818
apr23,30apr23,Gasolie Diesel (verwarmingsdoeleinden),Gasolie Diesel Verwarming (minder dan 2000 l) (€/L),0.855
apr23,30apr23,Gasolie Diesel (landbouw doeleinden),Gasolie Diesel Landbouw (vanaf 2000 l) (€/L),0.795
apr23,30apr23,Gasolie Diesel (landbouw doeleinden),Gasolie Diesel Landbouw (minder dan 2000 l) (€/L),0.833
apr23,30apr23,Gasolie Diesel (I&C doeleinden),Gasolie Diesel I&C (vanaf 2000 l) (€/L),0.823
apr23,30apr23,Gasolie Diesel (I&C doeleinden),Gasolie Diesel I&C (minder dan 2000 l) (€/L),0.86
apr23,30apr23,Gasolie Diesel (I&C doeleinden),Gasolie Diesel I&C (aan de pomp) (€/L),0.966
apr23,30apr23,Gasolie verwarming,Gasolie verwarming 50S (vanaf 2000 l) (€/L),0.81
apr23,30apr23,Gasolie verwarming,Gasolie verwarming 50S (minder dan 2000 l) (€/L),0.847
apr23,30apr23,Gasolie verwarming,Gasolie verwarming 50S (aan de pomp) (€/L),0.958
apr23,30apr23,Lamppetroleum,lamppetroleum (type B) (minder dan 2000 l) (€/L),0.941
apr23,30apr23,Lamppetroleum,lamppetroleum (type B) (vanaf 2000 l) (€/L),0.904
apr23,30apr23,Lamppetroleum,lamppetroleum (type B) (aan de pomp) (€/L),1.05
apr23,30apr23,Lamppetroleum,lamppetroleum (type C) (minder dan 2000 l) (€/L),0.975
apr23,30apr23,Lamppetroleum,lamppetroleum (type C) (vanaf 2000 l) (€/L),0.937
apr23,30apr23,Lamppetroleum,lamppetroleum (type C) (aan de pomp) (€/L),1.084
apr23,30apr23,Propaan,propaan (in bulk) (vanaf 2000 l) (€/L),0.708
apr23,30apr23,Propaan,propaan (in bulk) (minder dan 2000 l) (€/L),0.791
apr23,30apr23,Butaan + LPG,Autogas LPG (aan de pomp) (€/L),0.654
apr23,30apr23,Butaan + LPG,Autogas LPG (minder dan 2000 l) (€/L),0.796
apr23,30apr23,Butaan + LPG,Autogas LPG (vanaf 2000 l) (€/L),0.713
apr23,30apr23,Stookolie,Extra zware stookolie met 1 % S (per tankwagen) (€/T),578.26
mei23,01mei23,Benzines,Benzine 95 RON E5 (€/L),1.81
mei23,01mei23,Benzines,Benzine 95 RON E10 (€/L),1.779
mei23,01mei23,Benzines,Benzine 98 RON E5 (€/L),1.967
mei23,01mei23,Benzines,Benzine 98 RON E10 (€/L),1.953
mei23,01mei23,Gasolie Diesel wegvervoer,Diesel B7 (€/L),1.756
mei23,01mei23,Gasolie Diesel wegvervoer,Diesel B10 (€/L),1.736
mei23,01mei23,Gasolie Diesel wegvervoer,Diesel B20 (€/L),1.75
mei23,01mei23,Gasolie Diesel wegvervoer,Diesel B30 (€/L),1.787
mei23,01mei23,Gasolie Diesel wegvervoer,Diesel XTL (€/L),2.766
mei23,01mei23,Gasolie Diesel (verwarmingsdoeleinden),Gasolie Diesel Verwarming (vanaf 2000 l) (€/L),0.818
mei23,01mei23,Gasolie Diesel (verwarmingsdoeleinden),Gasolie Diesel Verwarming (minder dan 2000 l) (€/L),0.855
mei23,01mei23,Gasolie Diesel (landbouw doeleinden),Gasolie Diesel Landbouw (vanaf 2000 l) (€/L),0.795
mei23,01mei23,Gasolie Diesel (landbouw doeleinden),Gasolie Diesel Landbouw (minder dan 2000 l) (€/L),0.833
mei23,01mei23,Gasolie Diesel (I&C doeleinden),Gasolie Diesel I&C (vanaf 2000 l) (€/L),0.823
mei23,01mei23,Gasolie Diesel (I&C doeleinden),Gasolie Diesel I&C (minder dan 2000 l) (€/L),0.86
mei23,01mei23,Gasolie Diesel (I&C doeleinden),Gasolie Diesel I&C (aan de pomp) (€/L),0.966
mei23,01mei23,Gasolie verwarming,Gasolie verwarming 50S (vanaf 2000 l) (€/L),0.81
mei23,01mei23,Gasolie verwarming,Gasolie verwarming 50S (minder dan 2000 l) (€/L),0.847
mei23,01mei23,Gasolie verwarming,Gasolie verwarming 50S (aan de pomp) (€/L),0.958
mei23,01mei23,Lamppetroleum,lamppetroleum (type B) (minder dan 2000 l) (€/L),0.941
mei23,01mei23,Lamppetroleum,lamppetroleum (type B) (vanaf 2000 l) (€/L),0.904
mei23,01mei23,Lamppetroleum,lamppetroleum (type B) (aan de pomp) (€/L),1.05
mei23,01mei23,Lamppetroleum,lamppetroleum (type C) (minder dan 2000 l) (€/L),0.975
mei23,01mei23,Lamppetroleum,lamppetroleum (type C) (vanaf 2000 l) (€/L),0.937
mei23,01mei23,Lamppetroleum,lamppetroleum (type C) (aan de pomp) (€/L),1.084
mei23,01mei23,Propaan,propaan (in bulk) (vanaf 2000 l) (€/L),0.708
mei23,01mei23,Propaan,propaan (in bulk) (minder dan 2000 l) (€/L),0.791
mei23,01mei23,Butaan + LPG,Autogas LPG (aan de pomp) (€/L),0.654
mei23,01mei23,Butaan + LPG,Autogas LPG (minder dan 2000 l) (€/L),0.796
mei23,01mei23,Butaan + LPG,Autogas LPG (vanaf 2000 l) (€/L),0.713
mei23,01mei23,Stookolie,Extra zware stookolie met 1 % S (per tankwagen) (€/T),578.26
mei23,02mei23,Benzines,Benzine 95 RON E5 (€/L),1.81
mei23,02mei23,Benzines,Benzine 95 RON E10 (€/L),1.779
mei23,02mei23,Benzines,Benzine 98 RON E5 (€/L),1.967
mei23,02mei23,Benzines,Benzine 98 RON E10 (€/L),1.953
mei23,02mei23,Gasolie Diesel wegvervoer,Diesel B7 (€/L),1.756
mei23,02mei23,Gasolie Diesel wegvervoer,Diesel B10 (€/L),1.736
mei23,02mei23,Gasolie Diesel wegvervoer,Diesel B20 (€/L),1.75
mei23,02mei23,Gasolie Diesel wegvervoer,Diesel B30 (€/L),1.787
mei23,02mei23,Gasolie Diesel wegvervoer,Diesel XTL (€/L),2.766
mei23,02mei23,Gasolie Diesel (verwarmingsdoeleinden),Gasolie Diesel Verwarming (vanaf 2000 l) (€/L),0.818
mei23,02mei23,Gasolie Diesel (verwarmingsdoeleinden),Gasolie Diesel Verwarming (minder dan 2000 l) (€/L),0.855
mei23,02mei23,Gasolie Diesel (landbouw doeleinden),Gasolie Diesel Landbouw (vanaf 2000 l) (€/L),0.795
mei23,02mei23,Gasolie Diesel (landbouw doeleinden),Gasolie Diesel Landbouw (minder dan 2000 l) (€/L),0.833
mei23,02mei23,Gasolie Diesel (I&C doeleinden),Gasolie Diesel I&C (vanaf 2000 l) (€/L),0.823
mei23,02mei23,Gasolie Diesel (I&C doeleinden),Gasolie Diesel I&C (minder dan 2000 l) (€/L),0.86
mei23,02mei23,Gasolie Diesel (I&C doeleinden),Gasolie Diesel I&C (aan de pomp) (€/L),0.966
mei23,02mei23,Gasolie verwarming,Gasolie verwarming 50S (vanaf 2000 l) (€/L),0.81
mei23,02mei23,Gasolie verwarming,Gasolie verwarming 50S (minder dan 2000 l) (€/L),0.847
mei23,02mei23,Gasolie verwarming,Gasolie verwarming 50S (aan de pomp) (€/L),0.958
mei23,02mei23,Lamppetroleum,lamppetroleum (type B) (minder dan 2000 l) (€/L),0.941
mei23,02mei23,Lamppetroleum,lamppetroleum (type B) (vanaf 2000 l) (€/L),0.904
mei23,02mei23,Lamppetroleum,lamppetroleum (type B) (aan de pomp) (€/L),1.05
mei23,02mei23,Lamppetroleum,lamppetroleum (type C) (minder dan 2000 l) (€/L),0.975
mei23,02mei23,Lamppetroleum,lamppetroleum (type C) (vanaf 2000 l) (€/L),0.937
mei23,02mei23,Lamppetroleum,lamppetroleum (type C) (aan de pomp) (€/L),1.084
mei23,02mei23,Propaan,propaan (in bulk) (vanaf 2000 l) (€/L),0.708
mei23,02mei23,Propaan,propaan (in bulk) (minder dan 2000 l) (€/L),0.791
mei23,02mei23,Butaan + LPG,Autogas LPG (aan de pomp) (€/L),0.654
mei23,02mei23,Butaan + LPG,Autogas LPG (minder dan 2000 l) (€/L),0.796
mei23,02mei23,Butaan + LPG,Autogas LPG (vanaf 2000 l) (€/L),0.713
mei23,02mei23,Stookolie,Extra zware stookolie met 1 % S (per tankwagen) (€/T),578.26
mei23,03mei23,Benzines,Benzine 95 RON E5 (€/L),1.81
mei23,03mei23,Benzines,Benzine 95 RON E10 (€/L),1.779
mei23,03mei23,Benzines,Benzine 98 RON E5 (€/L),1.967
mei23,03mei23,Benzines,Benzine 98 RON E10 (€/L),1.953
mei23,03mei23,Gasolie Diesel wegvervoer,Diesel B7 (€/L),1.729
mei23,03mei23,Gasolie Diesel wegvervoer,Diesel B10 (€/L),1.708
mei23,03mei23,Gasolie Diesel wegvervoer,Diesel B20 (€/L),1.72
mei23,03mei23,Gasolie Diesel wegvervoer,Diesel B30 (€/L),1.757
mei23,03mei23,Gasolie Diesel wegvervoer,Diesel XTL (€/L),2.8
mei23,03mei23,Gasolie Diesel (verwarmingsdoeleinden),Gasolie Diesel Verwarming (vanaf 2000 l) (€/L),0.828
mei23,03mei23,Gasolie Diesel (verwarmingsdoeleinden),Gasolie Diesel Verwarming (minder dan 2000 l) (€/L),0.865
mei23,03mei23,Gasolie Diesel (landbouw doeleinden),Gasolie Diesel Landbouw (vanaf 2000 l) (€/L),0.805
mei23,03mei23,Gasolie Diesel (landbouw doeleinden),Gasolie Diesel Landbouw (minder dan 2000 l) (€/L),0.843
mei23,03mei23,Gasolie Diesel (I&C doeleinden),Gasolie Diesel I&C (vanaf 2000 l) (€/L),0.833
mei23,03mei23,Gasolie Diesel (I&C doeleinden),Gasolie Diesel I&C (minder dan 2000 l) (€/L),0.87
mei23,03mei23,Gasolie Diesel (I&C doeleinden),Gasolie Diesel I&C (aan de pomp) (€/L),0.976
mei23,03mei23,Gasolie verwarming,Gasolie verwarming 50S (vanaf 2000 l) (€/L),0.82
mei23,03mei23,Gasolie verwarming,Gasolie verwarming 50S (minder dan 2000 l) (€/L),0.858
mei23,03mei23,Gasolie verwarming,Gasolie verwarming 50S (aan de pomp) (€/L),0.969
mei23,03mei23,Lamppetroleum,lamppetroleum (type B) (minder dan 2000 l) (€/L),0.941
mei23,03mei23,Lamppetroleum,lamppetroleum (type B) (vanaf 2000 l) (€/L),0.904
mei23,03mei23,Lamppetroleum,lamppetroleum (type B) (aan de pomp) (€/L),1.05
mei23,03mei23,Lamppetroleum,lamppetroleum (type C) (minder dan 2000 l) (€/L),0.975
mei23,03mei23,Lamppetroleum,lamppetroleum (type C) (vanaf 2000 l) (€/L),0.937
mei23,03mei23,Lamppetroleum,lamppetroleum (type C) (aan de pomp) (€/L),1.084
mei23,03mei23,Propaan,propaan (in bulk) (vanaf 2000 l) (€/L),0.708
mei23,03mei23,Propaan,propaan (in bulk) (minder dan 2000 l) (€/L),0.791
mei23,03mei23,Butaan + LPG,Autogas LPG (aan de pomp) (€/L),0.654
mei23,03mei23,Butaan + LPG,Autogas LPG (minder dan 2000 l) (€/L),0.796
mei23,03mei23,Butaan + LPG,Autogas LPG (vanaf 2000 l) (€/L),0.713
mei23,03mei23,Stookolie,Extra zware stookolie met 1 % S (per tankwagen) (€/T),578.26
mei23,04mei23,Benzines,Benzine 95 RON E5 (€/L),1.81
mei23,04mei23,Benzines,Benzine 95 RON E10 (€/L),1.779
mei23,04mei23,Benzines,Benzine 98 RON E5 (€/L),1.967
mei23,04mei23,Benzines,Benzine 98 RON E10 (€/L),1.953
mei23,04mei23,Gasolie Diesel wegvervoer,Diesel B7 (€/L),1.729
mei23,04mei23,Gasolie Diesel wegvervoer,Diesel B10 (€/L),1.708
mei23,04mei23,Gasolie Diesel wegvervoer,Diesel B20 (€/L),1.72
mei23,04mei23,Gasolie Diesel wegvervoer,Diesel B30 (€/L),1.757
mei23,04mei23,Gasolie Diesel wegvervoer,Diesel XTL (€/L),2.8
mei23,04mei23,Gasolie Diesel (verwarmingsdoeleinden),Gasolie Diesel Verwarming (vanaf 2000 l) (€/L),0.796
mei23,04mei23,Gasolie Diesel (verwarmingsdoeleinden),Gasolie Diesel Verwarming (minder dan 2000 l) (€/L),0.834
mei23,04mei23,Gasolie Diesel (landbouw doeleinden),Gasolie Diesel Landbouw (vanaf 2000 l) (€/L),0.773
mei23,04mei23,Gasolie Diesel (landbouw doeleinden),Gasolie Diesel Landbouw (minder dan 2000 l) (€/L),0.811
mei23,04mei23,Gasolie Diesel (I&C doeleinden),Gasolie Diesel I&C (vanaf 2000 l) (€/L),0.801
mei23,04mei23,Gasolie Diesel (I&C doeleinden),Gasolie Diesel I&C (minder dan 2000 l) (€/L),0.839
mei23,04mei23,Gasolie Diesel (I&C doeleinden),Gasolie Diesel I&C (aan de pomp) (€/L),0.945
mei23,04mei23,Gasolie verwarming,Gasolie verwarming 50S (vanaf 2000 l) (€/L),0.787
mei23,04mei23,Gasolie verwarming,Gasolie verwarming 50S (minder dan 2000 l) (€/L),0.825
mei23,04mei23,Gasolie verwarming,Gasolie verwarming 50S (aan de pomp) (€/L),0.936
mei23,04mei23,Lamppetroleum,lamppetroleum (type B) (minder dan 2000 l) (€/L),0.89
mei23,04mei23,Lamppetroleum,lamppetroleum (type B) (vanaf 2000 l) (€/L),0.853
mei23,04mei23,Lamppetroleum,lamppetroleum (type B) (aan de pomp) (€/L),0.999
mei23,04mei23,Lamppetroleum,lamppetroleum (type C) (minder dan 2000 l) (€/L),0.922
mei23,04mei23,Lamppetroleum,lamppetroleum (type C) (vanaf 2000 l) (€/L),0.884
mei23,04mei23,Lamppetroleum,lamppetroleum (type C) (aan de pomp) (€/L),1.03
mei23,04mei23,Propaan,propaan (in bulk) (vanaf 2000 l) (€/L),0.708
mei23,04mei23,Propaan,propaan (in bulk) (minder dan 2000 l) (€/L),0.791
mei23,04mei23,Butaan + LPG,Autogas LPG (aan de pomp) (€/L),0.654
mei23,04mei23,Butaan + LPG,Autogas LPG (minder dan 2000 l) (€/L),0.796
mei23,04mei23,Butaan + LPG,Autogas LPG (vanaf 2000 l) (€/L),0.713
mei23,04mei23,Stookolie,Extra zware stookolie met 1 % S (per tankwagen) (€/T),578.26
mei23,05mei23,Benzines,Benzine 95 RON E5 (€/L),1.765
mei23,05mei23,Benzines,Benzine 95 RON E10 (€/L),1.731
mei23,05mei23,Benzines,Benzine 98 RON E5 (€/L),1.911
mei23,05mei23,Benzines,Benzine 98 RON E10 (€/L),1.887
mei23,05mei23,Gasolie Diesel wegvervoer,Diesel B7 (€/L),1.729
mei23,05mei23,Gasolie Diesel wegvervoer,Diesel B10 (€/L),1.708
mei23,05mei23,Gasolie Diesel wegvervoer,Diesel B20 (€/L),1.72
mei23,05mei23,Gasolie Diesel wegvervoer,Diesel B30 (€/L),1.757
mei23,05mei23,Gasolie Diesel wegvervoer,Diesel XTL (€/L),2.8
mei23,05mei23,Gasolie Diesel (verwarmingsdoeleinden),Gasolie Diesel Verwarming (vanaf 2000 l) (€/L),0.77
mei23,05mei23,Gasolie Diesel (verwarmingsdoeleinden),Gasolie Diesel Verwarming (minder dan 2000 l) (€/L),0.807
mei23,05mei23,Gasolie Diesel (landbouw doeleinden),Gasolie Diesel Landbouw (vanaf 2000 l) (€/L),0.747
mei23,05mei23,Gasolie Diesel (landbouw doeleinden),Gasolie Diesel Landbouw (minder dan 2000 l) (€/L),0.784
mei23,05mei23,Gasolie Diesel (I&C doeleinden),Gasolie Diesel I&C (vanaf 2000 l) (€/L),0.774
mei23,05mei23,Gasolie Diesel (I&C doeleinden),Gasolie Diesel I&C (minder dan 2000 l) (€/L),0.812
mei23,05mei23,Gasolie Diesel (I&C doeleinden),Gasolie Diesel I&C (aan de pomp) (€/L),0.918
mei23,05mei23,Gasolie verwarming,Gasolie verwarming 50S (vanaf 2000 l) (€/L),0.763
mei23,05mei23,Gasolie verwarming,Gasolie verwarming 50S (minder dan 2000 l) (€/L),0.801
mei23,05mei23,Gasolie verwarming,Gasolie verwarming 50S (aan de pomp) (€/L),0.912
mei23,05mei23,Lamppetroleum,lamppetroleum (type B) (minder dan 2000 l) (€/L),0.89
mei23,05mei23,Lamppetroleum,lamppetroleum (type B) (vanaf 2000 l) (€/L),0.853
mei23,05mei23,Lamppetroleum,lamppetroleum (type B) (aan de pomp) (€/L),0.999
mei23,05mei23,Lamppetroleum,lamppetroleum (type C) (minder dan 2000 l) (€/L),0.922
mei23,05mei23,Lamppetroleum,lamppetroleum (type C) (vanaf 2000 l) (€/L),0.884
mei23,05mei23,Lamppetroleum,lamppetroleum (type C) (aan de pomp) (€/L),1.03
mei23,05mei23,Propaan,propaan (in bulk) (vanaf 2000 l) (€/L),0.708
mei23,05mei23,Propaan,propaan (in bulk) (minder dan 2000 l) (€/L),0.791
mei23,05mei23,Butaan + LPG,Autogas LPG (aan de pomp) (€/L),0.654
mei23,05mei23,Butaan + LPG,Autogas LPG (minder dan 2000 l) (€/L),0.796
mei23,05mei23,Butaan + LPG,Autogas LPG (vanaf 2000 l) (€/L),0.713
mei23,05mei23,Stookolie,Extra zware stookolie met 1 % S (per tankwagen) (€/T),578.26
mei23,06mei23,Benzines,Benzine 95 RON E5 (€/L),1.765
mei23,06mei23,Benzines,Benzine 95 RON E10 (€/L),1.731
mei23,06mei23,Benzines,Benzine 98 RON E5 (€/L),1.911
mei23,06mei23,Benzines,Benzine 98 RON E10 (€/L),1.887
mei23,06mei23,Gasolie Diesel wegvervoer,Diesel B7 (€/L),1.678
mei23,06mei23,Gasolie Diesel wegvervoer,Diesel B10 (€/L),1.656
mei23,06mei23,Gasolie Diesel wegvervoer,Diesel B20 (€/L),1.666
mei23,06mei23,Gasolie Diesel wegvervoer,Diesel B30 (€/L),1.7
mei23,06mei23,Gasolie Diesel wegvervoer,Diesel XTL (€/L),2.741
mei23,06mei23,Gasolie Diesel (verwarmingsdoeleinden),Gasolie Diesel Verwarming (vanaf 2000 l) (€/L),0.779
mei23,06mei23,Gasolie Diesel (verwarmingsdoeleinden),Gasolie Diesel Verwarming (minder dan 2000 l) (€/L),0.816
mei23,06mei23,Gasolie Diesel (landbouw doeleinden),Gasolie Diesel Landbouw (vanaf 2000 l) (€/L),0.756
mei23,06mei23,Gasolie Diesel (landbouw doeleinden),Gasolie Diesel Landbouw (minder dan 2000 l) (€/L),0.793
mei23,06mei23,Gasolie Diesel (I&C doeleinden),Gasolie Diesel I&C (vanaf 2000 l) (€/L),0.784
mei23,06mei23,Gasolie Diesel (I&C doeleinden),Gasolie Diesel I&C (minder dan 2000 l) (€/L),0.821
mei23,06mei23,Gasolie Diesel (I&C doeleinden),Gasolie Diesel I&C (aan de pomp) (€/L),0.927
mei23,06mei23,Gasolie verwarming,Gasolie verwarming 50S (vanaf 2000 l) (€/L),0.772
mei23,06mei23,Gasolie verwarming,Gasolie verwarming 50S (minder dan 2000 l) (€/L),0.81
mei23,06mei23,Gasolie verwarming,Gasolie verwarming 50S (aan de pomp) (€/L),0.921
mei23,06mei23,Lamppetroleum,lamppetroleum (type B) (minder dan 2000 l) (€/L),0.89
mei23,06mei23,Lamppetroleum,lamppetroleum (type B) (vanaf 2000 l) (€/L),0.853
mei23,06mei23,Lamppetroleum,lamppetroleum (type B) (aan de pomp) (€/L),0.999
mei23,06mei23,Lamppetroleum,lamppetroleum (type C) (minder dan 2000 l) (€/L),0.922
mei23,06mei23,Lamppetroleum,lamppetroleum (type C) (vanaf 2000 l) (€/L),0.884
mei23,06mei23,Lamppetroleum,lamppetroleum (type C) (aan de pomp) (€/L),1.03
mei23,06mei23,Propaan,propaan (in bulk) (vanaf 2000 l) (€/L),0.708
mei23,06mei23,Propaan,propaan (in bulk) (minder dan 2000 l) (€/L),0.791
mei23,06mei23,Butaan + LPG,Autogas LPG (aan de pomp) (€/L),0.654
mei23,06mei23,Butaan + LPG,Autogas LPG (minder dan 2000 l) (€/L),0.796
mei23,06mei23,Butaan + LPG,Autogas LPG (vanaf 2000 l) (€/L),0.713
mei23,06mei23,Stookolie,Extra zware stookolie met 1 % S (per tankwagen) (€/T),578.26
mei23,07mei23,Benzines,Benzine 95 RON E5 (€/L),1.765
mei23,07mei23,Benzines,Benzine 95 RON E10 (€/L),1.731
mei23,07mei23,Benzines,Benzine 98 RON E5 (€/L),1.911
mei23,07mei23,Benzines,Benzine 98 RON E10 (€/L),1.887
mei23,07mei23,Gasolie Diesel wegvervoer,Diesel B7 (€/L),1.678
mei23,07mei23,Gasolie Diesel wegvervoer,Diesel B10 (€/L),1.656
mei23,07mei23,Gasolie Diesel wegvervoer,Diesel B20 (€/L),1.666
mei23,07mei23,Gasolie Diesel wegvervoer,Diesel B30 (€/L),1.7
mei23,07mei23,Gasolie Diesel wegvervoer,Diesel XTL (€/L),2.741
mei23,07mei23,Gasolie Diesel (verwarmingsdoeleinden),Gasolie Diesel Verwarming (vanaf 2000 l) (€/L),0.779
mei23,07mei23,Gasolie Diesel (verwarmingsdoeleinden),Gasolie Diesel Verwarming (minder dan 2000 l) (€/L),0.816
mei23,07mei23,Gasolie Diesel (landbouw doeleinden),Gasolie Diesel Landbouw (vanaf 2000 l) (€/L),0.756
mei23,07mei23,Gasolie Diesel (landbouw doeleinden),Gasolie Diesel Landbouw (minder dan 2000 l) (€/L),0.793
mei23,07mei23,Gasolie Diesel (I&C doeleinden),Gasolie Diesel I&C (vanaf 2000 l) (€/L),0.784
mei23,07mei23,Gasolie Diesel (I&C doeleinden),Gasolie Diesel I&C (minder dan 2000 l) (€/L),0.821
mei23,07mei23,Gasolie Diesel (I&C doeleinden),Gasolie Diesel I&C (aan de pomp) (€/L),0.927
mei23,07mei23,Gasolie verwarming,Gasolie verwarming 50S (vanaf 2000 l) (€/L),0.772
mei23,07mei23,Gasolie verwarming,Gasolie verwarming 50S (minder dan 2000 l) (€/L),0.81
mei23,07mei23,Gasolie verwarming,Gasolie verwarming 50S (aan de pomp) (€/L),0.921
mei23,07mei23,Lamppetroleum,lamppetroleum (type B) (minder dan 2000 l) (€/L),0.89
mei23,07mei23,Lamppetroleum,lamppetroleum (type B) (vanaf 2000 l) (€/L),0.853
mei23,07mei23,Lamppetroleum,lamppetroleum (type B) (aan de pomp) (€/L),0.999
mei23,07mei23,Lamppetroleum,lamppetroleum (type C) (minder dan 2000 l) (€/L),0.922
mei23,07mei23,Lamppetroleum,lamppetroleum (type C) (vanaf 2000 l) (€/L),0.884
mei23,07mei23,Lamppetroleum,lamppetroleum (type C) (aan de pomp) (€/L),1.03
mei23,07mei23,Propaan,propaan (in bulk) (vanaf 2000 l) (€/L),0.708
mei23,07mei23,Propaan,propaan (in bulk) (minder dan 2000 l) (€/L),0.791
mei23,07mei23,Butaan + LPG,Autogas LPG (aan de pomp) (€/L),0.654
mei23,07mei23,Butaan + LPG,Autogas LPG (minder dan 2000 l) (€/L),0.796
mei23,07mei23,Butaan + LPG,Autogas LPG (vanaf 2000 l) (€/L),0.713
mei23,07mei23,Stookolie,Extra zware stookolie met 1 % S (per tankwagen) (€/T),578.26
mei23,08mei23,Benzines,Benzine 95 RON E5 (€/L),1.765
mei23,08mei23,Benzines,Benzine 95 RON E10 (€/L),1.731
mei23,08mei23,Benzines,Benzine 98 RON E5 (€/L),1.911
mei23,08mei23,Benzines,Benzine 98 RON E10 (€/L),1.887
mei23,08mei23,Gasolie Diesel wegvervoer,Diesel B7 (€/L),1.678
mei23,08mei23,Gasolie Diesel wegvervoer,Diesel B10 (€/L),1.656
mei23,08mei23,Gasolie Diesel wegvervoer,Diesel B20 (€/L),1.666
mei23,08mei23,Gasolie Diesel wegvervoer,Diesel B30 (€/L),1.7
mei23,08mei23,Gasolie Diesel wegvervoer,Diesel XTL (€/L),2.741
mei23,08mei23,Gasolie Diesel (verwarmingsdoeleinden),Gasolie Diesel Verwarming (vanaf 2000 l) (€/L),0.779
mei23,08mei23,Gasolie Diesel (verwarmingsdoeleinden),Gasolie Diesel Verwarming (minder dan 2000 l) (€/L),0.816
mei23,08mei23,Gasolie Diesel (landbouw doeleinden),Gasolie Diesel Landbouw (vanaf 2000 l) (€/L),0.756
mei23,08mei23,Gasolie Diesel (landbouw doeleinden),Gasolie Diesel Landbouw (minder dan 2000 l) (€/L),0.793
mei23,08mei23,Gasolie Diesel (I&C doeleinden),Gasolie Diesel I&C (vanaf 2000 l) (€/L),0.784
mei23,08mei23,Gasolie Diesel (I&C doeleinden),Gasolie Diesel I&C (minder dan 2000 l) (€/L),0.821
mei23,08mei23,Gasolie Diesel (I&C doeleinden),Gasolie Diesel I&C (aan de pomp) (€/L),0.927
mei23,08mei23,Gasolie verwarming,Gasolie verwarming 50S (vanaf 2000 l) (€/L),0.772
mei23,08mei23,Gasolie verwarming,Gasolie verwarming 50S (minder dan 2000 l) (€/L),0.81
mei23,08mei23,Gasolie verwarming,Gasolie verwarming 50S (aan de pomp) (€/L),0.921
mei23,08mei23,Lamppetroleum,lamppetroleum (type B) (minder dan 2000 l) (€/L),0.89
mei23,08mei23,Lamppetroleum,lamppetroleum (type B) (vanaf 2000 l) (€/L),0.853
mei23,08mei23,Lamppetroleum,lamppetroleum (type B) (aan de pomp) (€/L),0.999
mei23,08mei23,Lamppetroleum,lamppetroleum (type C) (minder dan 2000 l) (€/L),0.922
mei23,08mei23,Lamppetroleum,lamppetroleum (type C) (vanaf 2000 l) (€/L),0.884
mei23,08mei23,Lamppetroleum,lamppetroleum (type C) (aan de pomp) (€/L),1.03
mei23,08mei23,Propaan,propaan (in bulk) (vanaf 2000 l) (€/L),0.708
mei23,08mei23,Propaan,propaan (in bulk) (minder dan 2000 l) (€/L),0.791
mei23,08mei23,Butaan + LPG,Autogas LPG (aan de pomp) (€/L),0.654
mei23,08mei23,Butaan + LPG,Autogas LPG (minder dan 2000 l) (€/L),0.796
mei23,08mei23,Butaan + LPG,Autogas LPG (vanaf 2000 l) (€/L),0.713
mei23,08mei23,Stookolie,Extra zware stookolie met 1 % S (per tankwagen) (€/T),578.26
mei23,09mei23,Benzines,Benzine 95 RON E5 (€/L),1.765
mei23,09mei23,Benzines,Benzine 95 RON E10 (€/L),1.731
mei23,09mei23,Benzines,Benzine 98 RON E5 (€/L),1.911
mei23,09mei23,Benzines,Benzine 98 RON E10 (€/L),1.887
mei23,09mei23,Gasolie Diesel wegvervoer,Diesel B7 (€/L),1.678
mei23,09mei23,Gasolie Diesel wegvervoer,Diesel B10 (€/L),1.656
mei23,09mei23,Gasolie Diesel wegvervoer,Diesel B20 (€/L),1.666
mei23,09mei23,Gasolie Diesel wegvervoer,Diesel B30 (€/L),1.7
mei23,09mei23,Gasolie Diesel wegvervoer,Diesel XTL (€/L),2.741
mei23,09mei23,Gasolie Diesel (verwarmingsdoeleinden),Gasolie Diesel Verwarming (vanaf 2000 l) (€/L),0.803
mei23,09mei23,Gasolie Diesel (verwarmingsdoeleinden),Gasolie Diesel Verwarming (minder dan 2000 l) (€/L),0.841
mei23,09mei23,Gasolie Diesel (landbouw doeleinden),Gasolie Diesel Landbouw (vanaf 2000 l) (€/L),0.78
mei23,09mei23,Gasolie Diesel (landbouw doeleinden),Gasolie Diesel Landbouw (minder dan 2000 l) (€/L),0.818
mei23,09mei23,Gasolie Diesel (I&C doeleinden),Gasolie Diesel I&C (vanaf 2000 l) (€/L),0.808
mei23,09mei23,Gasolie Diesel (I&C doeleinden),Gasolie Diesel I&C (minder dan 2000 l) (€/L),0.846
mei23,09mei23,Gasolie Diesel (I&C doeleinden),Gasolie Diesel I&C (aan de pomp) (€/L),0.952
mei23,09mei23,Gasolie verwarming,Gasolie verwarming 50S (vanaf 2000 l) (€/L),0.797
mei23,09mei23,Gasolie verwarming,Gasolie verwarming 50S (minder dan 2000 l) (€/L),0.834
mei23,09mei23,Gasolie verwarming,Gasolie verwarming 50S (aan de pomp) (€/L),0.945
mei23,09mei23,Lamppetroleum,lamppetroleum (type B) (minder dan 2000 l) (€/L),0.89
mei23,09mei23,Lamppetroleum,lamppetroleum (type B) (vanaf 2000 l) (€/L),0.853
mei23,09mei23,Lamppetroleum,lamppetroleum (type B) (aan de pomp) (€/L),0.999
mei23,09mei23,Lamppetroleum,lamppetroleum (type C) (minder dan 2000 l) (€/L),0.922
mei23,09mei23,Lamppetroleum,lamppetroleum (type C) (vanaf 2000 l) (€/L),0.884
mei23,09mei23,Lamppetroleum,lamppetroleum (type C) (aan de pomp) (€/L),1.03
mei23,09mei23,Propaan,propaan (in bulk) (vanaf 2000 l) (€/L),0.68
mei23,09mei23,Propaan,propaan (in bulk) (minder dan 2000 l) (€/L),0.764
mei23,09mei23,Butaan + LPG,Autogas LPG (aan de pomp) (€/L),0.618
mei23,09mei23,Butaan + LPG,Autogas LPG (minder dan 2000 l) (€/L),0.76
mei23,09mei23,Butaan + LPG,Autogas LPG (vanaf 2000 l) (€/L),0.677
mei23,09mei23,Stookolie,Extra zware stookolie met 1 % S (per tankwagen) (€/T),558.03
mei23,10mei23,Benzines,Benzine 95 RON E5 (€/L),1.765
mei23,10mei23,Benzines,Benzine 95 RON E10 (€/L),1.731
mei23,10mei23,Benzines,Benzine 98 RON E5 (€/L),1.911
mei23,10mei23,Benzines,Benzine 98 RON E10 (€/L),1.887
mei23,10mei23,Gasolie Diesel wegvervoer,Diesel B7 (€/L),1.705
mei23,10mei23,Gasolie Diesel wegvervoer,Diesel B10 (€/L),1.677
mei23,10mei23,Gasolie Diesel wegvervoer,Diesel B20 (€/L),1.685
mei23,10mei23,Gasolie Diesel wegvervoer,Diesel B30 (€/L),1.715
mei23,10mei23,Gasolie Diesel wegvervoer,Diesel XTL (€/L),2.929
mei23,10mei23,Gasolie Diesel (verwarmingsdoeleinden),Gasolie Diesel Verwarming (vanaf 2000 l) (€/L),0.802
mei23,10mei23,Gasolie Diesel (verwarmingsdoeleinden),Gasolie Diesel Verwarming (minder dan 2000 l) (€/L),0.839
mei23,10mei23,Gasolie Diesel (landbouw doeleinden),Gasolie Diesel Landbouw (vanaf 2000 l) (€/L),0.779
mei23,10mei23,Gasolie Diesel (landbouw doeleinden),Gasolie Diesel Landbouw (minder dan 2000 l) (€/L),0.817
mei23,10mei23,Gasolie Diesel (I&C doeleinden),Gasolie Diesel I&C (vanaf 2000 l) (€/L),0.807
mei23,10mei23,Gasolie Diesel (I&C doeleinden),Gasolie Diesel I&C (minder dan 2000 l) (€/L),0.844
mei23,10mei23,Gasolie Diesel (I&C doeleinden),Gasolie Diesel I&C (aan de pomp) (€/L),0.95
mei23,10mei23,Gasolie verwarming,Gasolie verwarming 50S (vanaf 2000 l) (€/L),0.795
mei23,10mei23,Gasolie verwarming,Gasolie verwarming 50S (minder dan 2000 l) (€/L),0.833
mei23,10mei23,Gasolie verwarming,Gasolie verwarming 50S (aan de pomp) (€/L),0.944
mei23,10mei23,Lamppetroleum,lamppetroleum (type B) (minder dan 2000 l) (€/L),0.89
mei23,10mei23,Lamppetroleum,lamppetroleum (type B) (vanaf 2000 l) (€/L),0.853
mei23,10mei23,Lamppetroleum,lamppetroleum (type B) (aan de pomp) (€/L),0.999
mei23,10mei23,Lamppetroleum,lamppetroleum (type C) (minder dan 2000 l) (€/L),0.922
mei23,10mei23,Lamppetroleum,lamppetroleum (type C) (vanaf 2000 l) (€/L),0.884
mei23,10mei23,Lamppetroleum,lamppetroleum (type C) (aan de pomp) (€/L),1.03
mei23,10mei23,Propaan,propaan (in bulk) (vanaf 2000 l) (€/L),0.68
mei23,10mei23,Propaan,propaan (in bulk) (minder dan 2000 l) (€/L),0.764
mei23,10mei23,Butaan + LPG,Autogas LPG (aan de pomp) (€/L),0.618
mei23,10mei23,Butaan + LPG,Autogas LPG (minder dan 2000 l) (€/L),0.76
mei23,10mei23,Butaan + LPG,Autogas LPG (vanaf 2000 l) (€/L),0.677
mei23,10mei23,Stookolie,Extra zware stookolie met 1 % S (per tankwagen) (€/T),558.03
mei23,11mei23,Benzines,Benzine 95 RON E5 (€/L),1.765
mei23,11mei23,Benzines,Benzine 95 RON E10 (€/L),1.731
mei23,11mei23,Benzines,Benzine 98 RON E5 (€/L),1.911
mei23,11mei23,Benzines,Benzine 98 RON E10 (€/L),1.887
mei23,11mei23,Gasolie Diesel wegvervoer,Diesel B7 (€/L),1.705
mei23,11mei23,Gasolie Diesel wegvervoer,Diesel B10 (€/L),1.677
mei23,11mei23,Gasolie Diesel wegvervoer,Diesel B20 (€/L),1.685
mei23,11mei23,Gasolie Diesel wegvervoer,Diesel B30 (€/L),1.715
mei23,11mei23,Gasolie Diesel wegvervoer,Diesel XTL (€/L),2.929
mei23,11mei23,Gasolie Diesel (verwarmingsdoeleinden),Gasolie Diesel Verwarming (vanaf 2000 l) (€/L),0.811
mei23,11mei23,Gasolie Diesel (verwarmingsdoeleinden),Gasolie Diesel Verwarming (minder dan 2000 l) (€/L),0.848
mei23,11mei23,Gasolie Diesel (landbouw doeleinden),Gasolie Diesel Landbouw (vanaf 2000 l) (€/L),0.788
mei23,11mei23,Gasolie Diesel (landbouw doeleinden),Gasolie Diesel Landbouw (minder dan 2000 l) (€/L),0.826
mei23,11mei23,Gasolie Diesel (I&C doeleinden),Gasolie Diesel I&C (vanaf 2000 l) (€/L),0.816
mei23,11mei23,Gasolie Diesel (I&C doeleinden),Gasolie Diesel I&C (minder dan 2000 l) (€/L),0.853
mei23,11mei23,Gasolie Diesel (I&C doeleinden),Gasolie Diesel I&C (aan de pomp) (€/L),0.959
mei23,11mei23,Gasolie verwarming,Gasolie verwarming 50S (vanaf 2000 l) (€/L),0.803
mei23,11mei23,Gasolie verwarming,Gasolie verwarming 50S (minder dan 2000 l) (€/L),0.841
mei23,11mei23,Gasolie verwarming,Gasolie verwarming 50S (aan de pomp) (€/L),0.952
mei23,11mei23,Lamppetroleum,lamppetroleum (type B) (minder dan 2000 l) (€/L),0.89
mei23,11mei23,Lamppetroleum,lamppetroleum (type B) (vanaf 2000 l) (€/L),0.853
mei23,11mei23,Lamppetroleum,lamppetroleum (type B) (aan de pomp) (€/L),0.999
mei23,11mei23,Lamppetroleum,lamppetroleum (type C) (minder dan 2000 l) (€/L),0.922
mei23,11mei23,Lamppetroleum,lamppetroleum (type C) (vanaf 2000 l) (€/L),0.884
mei23,11mei23,Lamppetroleum,lamppetroleum (type C) (aan de pomp) (€/L),1.03
mei23,11mei23,Propaan,propaan (in bulk) (vanaf 2000 l) (€/L),0.68
mei23,11mei23,Propaan,propaan (in bulk) (minder dan 2000 l) (€/L),0.764
mei23,11mei23,Butaan + LPG,Autogas LPG (aan de pomp) (€/L),0.618
mei23,11mei23,Butaan + LPG,Autogas LPG (minder dan 2000 l) (€/L),0.76
mei23,11mei23,Butaan + LPG,Autogas LPG (vanaf 2000 l) (€/L),0.677
mei23,11mei23,Stookolie,Extra zware stookolie met 1 % S (per tankwagen) (€/T),558.03
mei23,12mei23,Benzines,Benzine 95 RON E5 (€/L),1.765
mei23,12mei23,Benzines,Benzine 95 RON E10 (€/L),1.731
mei23,12mei23,Benzines,Benzine 98 RON E5 (€/L),1.911
mei23,12mei23,Benzines,Benzine 98 RON E10 (€/L),1.887
mei23,12mei23,Gasolie Diesel wegvervoer,Diesel B7 (€/L),1.705
mei23,12mei23,Gasolie Diesel wegvervoer,Diesel B10 (€/L),1.677
mei23,12mei23,Gasolie Diesel wegvervoer,Diesel B20 (€/L),1.685
mei23,12mei23,Gasolie Diesel wegvervoer,Diesel B30 (€/L),1.715
mei23,12mei23,Gasolie Diesel wegvervoer,Diesel XTL (€/L),2.929
mei23,12mei23,Gasolie Diesel (verwarmingsdoeleinden),Gasolie Diesel Verwarming (vanaf 2000 l) (€/L),0.829
mei23,12mei23,Gasolie Diesel (verwarmingsdoeleinden),Gasolie Diesel Verwarming (minder dan 2000 l) (€/L),0.866
mei23,12mei23,Gasolie Diesel (landbouw doeleinden),Gasolie Diesel Landbouw (vanaf 2000 l) (€/L),0.806
mei23,12mei23,Gasolie Diesel (landbouw doeleinden),Gasolie Diesel Landbouw (minder dan 2000 l) (€/L),0.844
mei23,12mei23,Gasolie Diesel (I&C doeleinden),Gasolie Diesel I&C (vanaf 2000 l) (€/L),0.834
mei23,12mei23,Gasolie Diesel (I&C doeleinden),Gasolie Diesel I&C (minder dan 2000 l) (€/L),0.871
mei23,12mei23,Gasolie Diesel (I&C doeleinden),Gasolie Diesel I&C (aan de pomp) (€/L),0.977
mei23,12mei23,Gasolie verwarming,Gasolie verwarming 50S (vanaf 2000 l) (€/L),0.822
mei23,12mei23,Gasolie verwarming,Gasolie verwarming 50S (minder dan 2000 l) (€/L),0.859
mei23,12mei23,Gasolie verwarming,Gasolie verwarming 50S (aan de pomp) (€/L),0.971
mei23,12mei23,Lamppetroleum,lamppetroleum (type B) (minder dan 2000 l) (€/L),0.89
mei23,12mei23,Lamppetroleum,lamppetroleum (type B) (vanaf 2000 l) (€/L),0.853
mei23,12mei23,Lamppetroleum,lamppetroleum (type B) (aan de pomp) (€/L),0.999
mei23,12mei23,Lamppetroleum,lamppetroleum (type C) (minder dan 2000 l) (€/L),0.922
mei23,12mei23,Lamppetroleum,lamppetroleum (type C) (vanaf 2000 l) (€/L),0.884
mei23,12mei23,Lamppetroleum,lamppetroleum (type C) (aan de pomp) (€/L),1.03
mei23,12mei23,Propaan,propaan (in bulk) (vanaf 2000 l) (€/L),0.68
mei23,12mei23,Propaan,propaan (in bulk) (minder dan 2000 l) (€/L),0.764
mei23,12mei23,Butaan + LPG,Autogas LPG (aan de pomp) (€/L),0.618
mei23,12mei23,Butaan + LPG,Autogas LPG (minder dan 2000 l) (€/L),0.76
mei23,12mei23,Butaan + LPG,Autogas LPG (vanaf 2000 l) (€/L),0.677
mei23,12mei23,Stookolie,Extra zware stookolie met 1 % S (per tankwagen) (€/T),558.03
